month,c_resid,indic_to,geo_layer,Year,Value
M01,DOM,LSTY,Country,2018,2076982.0
M01,DOM,LSTY,Country,2019,2517764.0
M01,DOM,LSTY,Country,2020,3342210.0
M01,DOM,LSTY,Country,2021,2425589.0
M01,DOM,LSTY,Country,2022,4108208.0
M01,DOM,LSTY,Country,2023,4747865.0
M01,DOM,LSTY,NUT1,2018,2076982.0
M01,DOM,LSTY,NUT1,2019,2517764.0
M01,DOM,LSTY,NUT1,2020,3342210.0
M01,DOM,LSTY,NUT1,2021,2425589.0
M01,DOM,LSTY,NUT1,2022,4108208.0
M01,DOM,LSTY,NUT1,2023,4747865.0
M01,DOM,LSTY,NUT2,2018,2076982.0
M01,DOM,LSTY,NUT2,2019,2517764.0
M01,DOM,LSTY,NUT2,2020,3342210.0
M01,DOM,LSTY,NUT2,2021,2425589.0
M01,DOM,LSTY,NUT2,2022,4108208.0
M01,DOM,LSTY,NUT2,2023,4747865.0
M01,DOM,LSTY,[EU27_2020],2018,2016486.0
M01,DOM,LSTY,[EU27_2020],2019,2449017.0
M01,DOM,LSTY,[EU27_2020],2020,3257894.0
M01,DOM,LSTY,[EU27_2020],2021,2317133.0
M01,DOM,LSTY,[EU27_2020],2022,3982170.0
M01,DOM,LSTY,[EU27_2020],2023,4628474.0
M01,DOM,NGT_SP,Country,2018,5214470.0
M01,DOM,NGT_SP,Country,2019,6317856.0
M01,DOM,NGT_SP,Country,2020,8386171.0
M01,DOM,NGT_SP,Country,2021,5523342.0
M01,DOM,NGT_SP,Country,2022,10228281.0
M01,DOM,NGT_SP,Country,2023,11983135.0
M01,DOM,NGT_SP,NUT1,2018,5214470.0
M01,DOM,NGT_SP,NUT1,2019,6317856.0
M01,DOM,NGT_SP,NUT1,2020,8386171.0
M01,DOM,NGT_SP,NUT1,2021,5523342.0
M01,DOM,NGT_SP,NUT1,2022,10228281.0
M01,DOM,NGT_SP,NUT1,2023,11983135.0
M01,DOM,NGT_SP,NUT2,2018,5214470.0
M01,DOM,NGT_SP,NUT2,2019,6317856.0
M01,DOM,NGT_SP,NUT2,2020,8386171.0
M01,DOM,NGT_SP,NUT2,2021,5523342.0
M01,DOM,NGT_SP,NUT2,2022,10228281.0
M01,DOM,NGT_SP,NUT2,2023,11983135.0
M01,DOM,NGT_SP,[EU27_2020],2018,5058353.0
M01,DOM,NGT_SP,[EU27_2020],2019,6139233.0
M01,DOM,NGT_SP,[EU27_2020],2020,8160487.0
M01,DOM,NGT_SP,[EU27_2020],2021,5226765.0
M01,DOM,NGT_SP,[EU27_2020],2022,9873383.0
M01,DOM,NGT_SP,[EU27_2020],2023,11651018.0
M01,DOM,STY,Country,2018,712715.0
M01,DOM,STY,Country,2019,885591.0
M01,DOM,STY,Country,2020,1113227.0
M01,DOM,STY,Country,2021,690969.0
M01,DOM,STY,Country,2022,1206183.0
M01,DOM,STY,Country,2023,1489000.0
M01,DOM,STY,NUT1,2018,712715.0
M01,DOM,STY,NUT1,2019,885591.0
M01,DOM,STY,NUT1,2020,1113227.0
M01,DOM,STY,NUT1,2021,690969.0
M01,DOM,STY,NUT1,2022,1206183.0
M01,DOM,STY,NUT1,2023,1489000.0
M01,DOM,STY,NUT2,2018,712715.0
M01,DOM,STY,NUT2,2019,885591.0
M01,DOM,STY,NUT2,2020,1113227.0
M01,DOM,STY,NUT2,2021,690969.0
M01,DOM,STY,NUT2,2022,1206183.0
M01,DOM,STY,NUT2,2023,1489000.0
M01,DOM,STY,[EU27_2020],2018,695677.0
M01,DOM,STY,[EU27_2020],2019,865056.0
M01,DOM,STY,[EU27_2020],2020,1089989.0
M01,DOM,STY,[EU27_2020],2021,665480.0
M01,DOM,STY,[EU27_2020],2022,1175577.0
M01,DOM,STY,[EU27_2020],2023,1458824.0
M01,FOR,LSTY,Country,2018,4044380.0
M01,FOR,LSTY,Country,2019,4776100.0
M01,FOR,LSTY,Country,2020,5638617.0
M01,FOR,LSTY,Country,2021,1187139.0
M01,FOR,LSTY,Country,2022,4083367.0
M01,FOR,LSTY,Country,2023,6656174.0
M01,FOR,LSTY,NUT1,2018,4044380.0
M01,FOR,LSTY,NUT1,2019,4776100.0
M01,FOR,LSTY,NUT1,2020,5638617.0
M01,FOR,LSTY,NUT1,2021,1187139.0
M01,FOR,LSTY,NUT1,2022,4083367.0
M01,FOR,LSTY,NUT1,2023,6656174.0
M01,FOR,LSTY,NUT2,2018,4044380.0
M01,FOR,LSTY,NUT2,2019,4776100.0
M01,FOR,LSTY,NUT2,2020,5638617.0
M01,FOR,LSTY,NUT2,2021,1187139.0
M01,FOR,LSTY,NUT2,2022,4083367.0
M01,FOR,LSTY,NUT2,2023,6656174.0
M01,FOR,LSTY,[EU27_2020],2018,3875633.0
M01,FOR,LSTY,[EU27_2020],2019,4588363.0
M01,FOR,LSTY,[EU27_2020],2020,5421612.0
M01,FOR,LSTY,[EU27_2020],2021,1106579.0
M01,FOR,LSTY,[EU27_2020],2022,3917038.0
M01,FOR,LSTY,[EU27_2020],2023,6421728.0
M01,FOR,NGT_SP,Country,2018,10913019.0
M01,FOR,NGT_SP,Country,2019,12810251.0
M01,FOR,NGT_SP,Country,2020,14986828.0
M01,FOR,NGT_SP,Country,2021,2396014.0
M01,FOR,NGT_SP,Country,2022,10113893.0
M01,FOR,NGT_SP,Country,2023,17511640.0
M01,FOR,NGT_SP,NUT1,2018,10913019.0
M01,FOR,NGT_SP,NUT1,2019,12810251.0
M01,FOR,NGT_SP,NUT1,2020,14986828.0
M01,FOR,NGT_SP,NUT1,2021,2396014.0
M01,FOR,NGT_SP,NUT1,2022,10113893.0
M01,FOR,NGT_SP,NUT1,2023,17511640.0
M01,FOR,NGT_SP,NUT2,2018,10913019.0
M01,FOR,NGT_SP,NUT2,2019,12810251.0
M01,FOR,NGT_SP,NUT2,2020,14986828.0
M01,FOR,NGT_SP,NUT2,2021,2396014.0
M01,FOR,NGT_SP,NUT2,2022,10113893.0
M01,FOR,NGT_SP,NUT2,2023,17511640.0
M01,FOR,NGT_SP,[EU27_2020],2018,10470696.0
M01,FOR,NGT_SP,[EU27_2020],2019,12320118.0
M01,FOR,NGT_SP,[EU27_2020],2020,14420183.0
M01,FOR,NGT_SP,[EU27_2020],2021,2216424.0
M01,FOR,NGT_SP,[EU27_2020],2022,9676120.0
M01,FOR,NGT_SP,[EU27_2020],2023,16891757.0
M01,FOR,STY,Country,2018,1024216.0
M01,FOR,STY,Country,2019,1224887.0
M01,FOR,STY,Country,2020,1310642.0
M01,FOR,STY,Country,2021,151037.0
M01,FOR,STY,Country,2022,720777.0
M01,FOR,STY,Country,2023,1318349.0
M01,FOR,STY,NUT1,2018,1024216.0
M01,FOR,STY,NUT1,2019,1224887.0
M01,FOR,STY,NUT1,2020,1310642.0
M01,FOR,STY,NUT1,2021,151037.0
M01,FOR,STY,NUT1,2022,720777.0
M01,FOR,STY,NUT1,2023,1318349.0
M01,FOR,STY,NUT2,2018,1024216.0
M01,FOR,STY,NUT2,2019,1224887.0
M01,FOR,STY,NUT2,2020,1310642.0
M01,FOR,STY,NUT2,2021,151037.0
M01,FOR,STY,NUT2,2022,720777.0
M01,FOR,STY,NUT2,2023,1318349.0
M01,FOR,STY,[EU27_2020],2018,970110.0
M01,FOR,STY,[EU27_2020],2019,1165492.0
M01,FOR,STY,[EU27_2020],2020,1248874.0
M01,FOR,STY,[EU27_2020],2021,138998.0
M01,FOR,STY,[EU27_2020],2022,687252.0
M01,FOR,STY,[EU27_2020],2023,1260479.0
M02,DOM,LSTY,Country,2018,2486699.0
M02,DOM,LSTY,Country,2019,3068820.0
M02,DOM,LSTY,Country,2020,4243677.0
M02,DOM,LSTY,Country,2021,3269378.0
M02,DOM,LSTY,Country,2022,5045730.0
M02,DOM,LSTY,Country,2023,5705829.0
M02,DOM,LSTY,NUT1,2018,2486699.0
M02,DOM,LSTY,NUT1,2019,3068820.0
M02,DOM,LSTY,NUT1,2020,4243677.0
M02,DOM,LSTY,NUT1,2021,3269378.0
M02,DOM,LSTY,NUT1,2022,5045730.0
M02,DOM,LSTY,NUT1,2023,5705829.0
M02,DOM,LSTY,NUT2,2018,2486699.0
M02,DOM,LSTY,NUT2,2019,3068820.0
M02,DOM,LSTY,NUT2,2020,4243677.0
M02,DOM,LSTY,NUT2,2021,3269378.0
M02,DOM,LSTY,NUT2,2022,5045730.0
M02,DOM,LSTY,NUT2,2023,5705829.0
M02,DOM,LSTY,[EU27_2020],2018,2398883.0
M02,DOM,LSTY,[EU27_2020],2019,2967296.0
M02,DOM,LSTY,[EU27_2020],2020,4112378.0
M02,DOM,LSTY,[EU27_2020],2021,3090396.0
M02,DOM,LSTY,[EU27_2020],2022,4866237.0
M02,DOM,LSTY,[EU27_2020],2023,5529961.0
M02,DOM,NGT_SP,Country,2018,6913358.0
M02,DOM,NGT_SP,Country,2019,8549994.0
M02,DOM,NGT_SP,Country,2020,11741875.0
M02,DOM,NGT_SP,Country,2021,8650633.0
M02,DOM,NGT_SP,Country,2022,13951935.0
M02,DOM,NGT_SP,Country,2023,15932453.0
M02,DOM,NGT_SP,NUT1,2018,6913358.0
M02,DOM,NGT_SP,NUT1,2019,8549994.0
M02,DOM,NGT_SP,NUT1,2020,11741875.0
M02,DOM,NGT_SP,NUT1,2021,8650633.0
M02,DOM,NGT_SP,NUT1,2022,13951935.0
M02,DOM,NGT_SP,NUT1,2023,15932453.0
M02,DOM,NGT_SP,NUT2,2018,6913358.0
M02,DOM,NGT_SP,NUT2,2019,8549994.0
M02,DOM,NGT_SP,NUT2,2020,11741875.0
M02,DOM,NGT_SP,NUT2,2021,8650633.0
M02,DOM,NGT_SP,NUT2,2022,13951935.0
M02,DOM,NGT_SP,NUT2,2023,15932453.0
M02,DOM,NGT_SP,[EU27_2020],2018,6629552.0
M02,DOM,NGT_SP,[EU27_2020],2019,8225167.0
M02,DOM,NGT_SP,[EU27_2020],2020,11323808.0
M02,DOM,NGT_SP,[EU27_2020],2021,8092954.0
M02,DOM,NGT_SP,[EU27_2020],2022,13383191.0
M02,DOM,NGT_SP,[EU27_2020],2023,15365219.0
M02,DOM,STY,Country,2018,806471.0
M02,DOM,STY,Country,2019,1019074.0
M02,DOM,STY,Country,2020,1392217.0
M02,DOM,STY,Country,2021,993303.0
M02,DOM,STY,Country,2022,1495289.0
M02,DOM,STY,Country,2023,1800610.0
M02,DOM,STY,NUT1,2018,806471.0
M02,DOM,STY,NUT1,2019,1019074.0
M02,DOM,STY,NUT1,2020,1392217.0
M02,DOM,STY,NUT1,2021,993303.0
M02,DOM,STY,NUT1,2022,1495289.0
M02,DOM,STY,NUT1,2023,1800610.0
M02,DOM,STY,NUT2,2018,806471.0
M02,DOM,STY,NUT2,2019,1019074.0
M02,DOM,STY,NUT2,2020,1392217.0
M02,DOM,STY,NUT2,2021,993303.0
M02,DOM,STY,NUT2,2022,1495289.0
M02,DOM,STY,NUT2,2023,1800610.0
M02,DOM,STY,[EU27_2020],2018,785735.0
M02,DOM,STY,[EU27_2020],2019,993703.0
M02,DOM,STY,[EU27_2020],2020,1360667.0
M02,DOM,STY,[EU27_2020],2021,953437.0
M02,DOM,STY,[EU27_2020],2022,1455992.0
M02,DOM,STY,[EU27_2020],2023,1760242.0
M02,FOR,LSTY,Country,2018,4427828.0
M02,FOR,LSTY,Country,2019,5152978.0
M02,FOR,LSTY,Country,2020,6257873.0
M02,FOR,LSTY,Country,2021,1106120.0
M02,FOR,LSTY,Country,2022,5079774.0
M02,FOR,LSTY,Country,2023,7266122.0
M02,FOR,LSTY,NUT1,2018,4427828.0
M02,FOR,LSTY,NUT1,2019,5152978.0
M02,FOR,LSTY,NUT1,2020,6257873.0
M02,FOR,LSTY,NUT1,2021,1106120.0
M02,FOR,LSTY,NUT1,2022,5079774.0
M02,FOR,LSTY,NUT1,2023,7266122.0
M02,FOR,LSTY,NUT2,2018,4427828.0
M02,FOR,LSTY,NUT2,2019,5152978.0
M02,FOR,LSTY,NUT2,2020,6257873.0
M02,FOR,LSTY,NUT2,2021,1106120.0
M02,FOR,LSTY,NUT2,2022,5079774.0
M02,FOR,LSTY,NUT2,2023,7266122.0
M02,FOR,LSTY,[EU27_2020],2018,4223732.0
M02,FOR,LSTY,[EU27_2020],2019,4931730.0
M02,FOR,LSTY,[EU27_2020],2020,5991567.0
M02,FOR,LSTY,[EU27_2020],2021,1029635.0
M02,FOR,LSTY,[EU27_2020],2022,4875899.0
M02,FOR,LSTY,[EU27_2020],2023,6984474.0
M02,FOR,NGT_SP,Country,2018,12558150.0
M02,FOR,NGT_SP,Country,2019,14429494.0
M02,FOR,NGT_SP,Country,2020,17319490.0
M02,FOR,NGT_SP,Country,2021,2251364.0
M02,FOR,NGT_SP,Country,2022,13358630.0
M02,FOR,NGT_SP,Country,2023,20057733.0
M02,FOR,NGT_SP,NUT1,2018,12558150.0
M02,FOR,NGT_SP,NUT1,2019,14429494.0
M02,FOR,NGT_SP,NUT1,2020,17319490.0
M02,FOR,NGT_SP,NUT1,2021,2251364.0
M02,FOR,NGT_SP,NUT1,2022,13358630.0
M02,FOR,NGT_SP,NUT1,2023,20057733.0
M02,FOR,NGT_SP,NUT2,2018,12558150.0
M02,FOR,NGT_SP,NUT2,2019,14429494.0
M02,FOR,NGT_SP,NUT2,2020,17319490.0
M02,FOR,NGT_SP,NUT2,2021,2251364.0
M02,FOR,NGT_SP,NUT2,2022,13358630.0
M02,FOR,NGT_SP,NUT2,2023,20057733.0
M02,FOR,NGT_SP,[EU27_2020],2018,11962462.0
M02,FOR,NGT_SP,[EU27_2020],2019,13795579.0
M02,FOR,NGT_SP,[EU27_2020],2020,16541622.0
M02,FOR,NGT_SP,[EU27_2020],2021,2072333.0
M02,FOR,NGT_SP,[EU27_2020],2022,12767664.0
M02,FOR,NGT_SP,[EU27_2020],2023,19238922.0
M02,FOR,STY,Country,2018,1038420.0
M02,FOR,STY,Country,2019,1216943.0
M02,FOR,STY,Country,2020,1435569.0
M02,FOR,STY,Country,2021,140002.0
M02,FOR,STY,Country,2022,971350.0
M02,FOR,STY,Country,2023,1496491.0
M02,FOR,STY,NUT1,2018,1038420.0
M02,FOR,STY,NUT1,2019,1216943.0
M02,FOR,STY,NUT1,2020,1435569.0
M02,FOR,STY,NUT1,2021,140002.0
M02,FOR,STY,NUT1,2022,971350.0
M02,FOR,STY,NUT1,2023,1496491.0
M02,FOR,STY,NUT2,2018,1038420.0
M02,FOR,STY,NUT2,2019,1216943.0
M02,FOR,STY,NUT2,2020,1435569.0
M02,FOR,STY,NUT2,2021,140002.0
M02,FOR,STY,NUT2,2022,971350.0
M02,FOR,STY,NUT2,2023,1496491.0
M02,FOR,STY,[EU27_2020],2018,977919.0
M02,FOR,STY,[EU27_2020],2019,1152328.0
M02,FOR,STY,[EU27_2020],2020,1364682.0
M02,FOR,STY,[EU27_2020],2021,128677.0
M02,FOR,STY,[EU27_2020],2022,926298.0
M02,FOR,STY,[EU27_2020],2023,1424790.0
M03,DOM,LSTY,Country,2018,2964141.0
M03,DOM,LSTY,Country,2019,3284713.0
M03,DOM,LSTY,Country,2020,2204320.0
M03,DOM,LSTY,Country,2021,3144576.0
M03,DOM,LSTY,Country,2022,4598680.0
M03,DOM,LSTY,Country,2023,5295822.0
M03,DOM,LSTY,NUT1,2018,2964141.0
M03,DOM,LSTY,NUT1,2019,3284713.0
M03,DOM,LSTY,NUT1,2020,2204320.0
M03,DOM,LSTY,NUT1,2021,3144576.0
M03,DOM,LSTY,NUT1,2022,4598680.0
M03,DOM,LSTY,NUT1,2023,5295822.0
M03,DOM,LSTY,NUT2,2018,2964141.0
M03,DOM,LSTY,NUT2,2019,3284713.0
M03,DOM,LSTY,NUT2,2020,2204320.0
M03,DOM,LSTY,NUT2,2021,3144576.0
M03,DOM,LSTY,NUT2,2022,4598680.0
M03,DOM,LSTY,NUT2,2023,5295822.0
M03,DOM,LSTY,[EU27_2020],2018,2889872.0
M03,DOM,LSTY,[EU27_2020],2019,3202309.0
M03,DOM,LSTY,[EU27_2020],2020,2136655.0
M03,DOM,LSTY,[EU27_2020],2021,3020626.0
M03,DOM,LSTY,[EU27_2020],2022,4473594.0
M03,DOM,LSTY,[EU27_2020],2023,5175432.0
M03,DOM,NGT_SP,Country,2018,8276579.0
M03,DOM,NGT_SP,Country,2019,8525223.0
M03,DOM,NGT_SP,Country,2020,5098690.0
M03,DOM,NGT_SP,Country,2021,7387356.0
M03,DOM,NGT_SP,Country,2022,11296404.0
M03,DOM,NGT_SP,Country,2023,13185380.0
M03,DOM,NGT_SP,NUT1,2018,8276579.0
M03,DOM,NGT_SP,NUT1,2019,8525223.0
M03,DOM,NGT_SP,NUT1,2020,5098690.0
M03,DOM,NGT_SP,NUT1,2021,7387356.0
M03,DOM,NGT_SP,NUT1,2022,11296404.0
M03,DOM,NGT_SP,NUT1,2023,13185380.0
M03,DOM,NGT_SP,NUT2,2018,8276579.0
M03,DOM,NGT_SP,NUT2,2019,8525223.0
M03,DOM,NGT_SP,NUT2,2020,5098690.0
M03,DOM,NGT_SP,NUT2,2021,7387356.0
M03,DOM,NGT_SP,NUT2,2022,11296404.0
M03,DOM,NGT_SP,NUT2,2023,13185380.0
M03,DOM,NGT_SP,[EU27_2020],2018,8066088.0
M03,DOM,NGT_SP,[EU27_2020],2019,8299602.0
M03,DOM,NGT_SP,[EU27_2020],2020,4940551.0
M03,DOM,NGT_SP,[EU27_2020],2021,7057007.0
M03,DOM,NGT_SP,[EU27_2020],2022,10951527.0
M03,DOM,NGT_SP,[EU27_2020],2023,12862152.0
M03,DOM,STY,Country,2018,1009504.0
M03,DOM,STY,Country,2019,1169877.0
M03,DOM,STY,Country,2020,599787.0
M03,DOM,STY,Country,2021,941161.0
M03,DOM,STY,Country,2022,1388455.0
M03,DOM,STY,Country,2023,1782476.0
M03,DOM,STY,NUT1,2018,1009504.0
M03,DOM,STY,NUT1,2019,1169877.0
M03,DOM,STY,NUT1,2020,599787.0
M03,DOM,STY,NUT1,2021,941161.0
M03,DOM,STY,NUT1,2022,1388455.0
M03,DOM,STY,NUT1,2023,1782476.0
M03,DOM,STY,NUT2,2018,1009504.0
M03,DOM,STY,NUT2,2019,1169877.0
M03,DOM,STY,NUT2,2020,599787.0
M03,DOM,STY,NUT2,2021,941161.0
M03,DOM,STY,NUT2,2022,1388455.0
M03,DOM,STY,NUT2,2023,1782476.0
M03,DOM,STY,[EU27_2020],2018,987837.0
M03,DOM,STY,[EU27_2020],2019,1146177.0
M03,DOM,STY,[EU27_2020],2020,584533.0
M03,DOM,STY,[EU27_2020],2021,909938.0
M03,DOM,STY,[EU27_2020],2022,1358030.0
M03,DOM,STY,[EU27_2020],2023,1748543.0
M03,FOR,LSTY,Country,2018,5730442.0
M03,FOR,LSTY,Country,2019,6120363.0
M03,FOR,LSTY,Country,2020,3013956.0
M03,FOR,LSTY,Country,2021,1297307.0
M03,FOR,LSTY,Country,2022,6341612.0
M03,FOR,LSTY,Country,2023,8158325.0
M03,FOR,LSTY,NUT1,2018,5730442.0
M03,FOR,LSTY,NUT1,2019,6120363.0
M03,FOR,LSTY,NUT1,2020,3013956.0
M03,FOR,LSTY,NUT1,2021,1297307.0
M03,FOR,LSTY,NUT1,2022,6341612.0
M03,FOR,LSTY,NUT1,2023,8158325.0
M03,FOR,LSTY,NUT2,2018,5730442.0
M03,FOR,LSTY,NUT2,2019,6120363.0
M03,FOR,LSTY,NUT2,2020,3013956.0
M03,FOR,LSTY,NUT2,2021,1297307.0
M03,FOR,LSTY,NUT2,2022,6341612.0
M03,FOR,LSTY,NUT2,2023,8158325.0
M03,FOR,LSTY,[EU27_2020],2018,5488373.0
M03,FOR,LSTY,[EU27_2020],2019,5868858.0
M03,FOR,LSTY,[EU27_2020],2020,2876119.0
M03,FOR,LSTY,[EU27_2020],2021,1203681.0
M03,FOR,LSTY,[EU27_2020],2022,6112696.0
M03,FOR,LSTY,[EU27_2020],2023,7866443.0
M03,FOR,NGT_SP,Country,2018,16241084.0
M03,FOR,NGT_SP,Country,2019,16393493.0
M03,FOR,NGT_SP,Country,2020,7304344.0
M03,FOR,NGT_SP,Country,2021,2646310.0
M03,FOR,NGT_SP,Country,2022,15940488.0
M03,FOR,NGT_SP,Country,2023,21148833.0
M03,FOR,NGT_SP,NUT1,2018,16241084.0
M03,FOR,NGT_SP,NUT1,2019,16393493.0
M03,FOR,NGT_SP,NUT1,2020,7304344.0
M03,FOR,NGT_SP,NUT1,2021,2646310.0
M03,FOR,NGT_SP,NUT1,2022,15940488.0
M03,FOR,NGT_SP,NUT1,2023,21148833.0
M03,FOR,NGT_SP,NUT2,2018,16241084.0
M03,FOR,NGT_SP,NUT2,2019,16393493.0
M03,FOR,NGT_SP,NUT2,2020,7304344.0
M03,FOR,NGT_SP,NUT2,2021,2646310.0
M03,FOR,NGT_SP,NUT2,2022,15940488.0
M03,FOR,NGT_SP,NUT2,2023,21148833.0
M03,FOR,NGT_SP,[EU27_2020],2018,15562397.0
M03,FOR,NGT_SP,[EU27_2020],2019,15709976.0
M03,FOR,NGT_SP,[EU27_2020],2020,6972115.0
M03,FOR,NGT_SP,[EU27_2020],2021,2424811.0
M03,FOR,NGT_SP,[EU27_2020],2022,15349754.0
M03,FOR,NGT_SP,[EU27_2020],2023,20388950.0
M03,FOR,STY,Country,2018,1462027.0
M03,FOR,STY,Country,2019,1546867.0
M03,FOR,STY,Country,2020,565625.0
M03,FOR,STY,Country,2021,173567.0
M03,FOR,STY,Country,2022,1264982.0
M03,FOR,STY,Country,2023,1834042.0
M03,FOR,STY,NUT1,2018,1462027.0
M03,FOR,STY,NUT1,2019,1546867.0
M03,FOR,STY,NUT1,2020,565625.0
M03,FOR,STY,NUT1,2021,173567.0
M03,FOR,STY,NUT1,2022,1264982.0
M03,FOR,STY,NUT1,2023,1834042.0
M03,FOR,STY,NUT2,2018,1462027.0
M03,FOR,STY,NUT2,2019,1546867.0
M03,FOR,STY,NUT2,2020,565625.0
M03,FOR,STY,NUT2,2021,173567.0
M03,FOR,STY,NUT2,2022,1264982.0
M03,FOR,STY,NUT2,2023,1834042.0
M03,FOR,STY,[EU27_2020],2018,1384937.0
M03,FOR,STY,[EU27_2020],2019,1469343.0
M03,FOR,STY,[EU27_2020],2020,532302.0
M03,FOR,STY,[EU27_2020],2021,158257.0
M03,FOR,STY,[EU27_2020],2022,1210904.0
M03,FOR,STY,[EU27_2020],2023,1754048.0
M04,DOM,LSTY,Country,2018,3204809.0
M04,DOM,LSTY,Country,2019,4458153.0
M04,DOM,LSTY,Country,2020,773933.0
M04,DOM,LSTY,Country,2021,2876896.0
M04,DOM,LSTY,Country,2022,6463690.0
M04,DOM,LSTY,Country,2023,7829287.0
M04,DOM,LSTY,NUT1,2018,3204809.0
M04,DOM,LSTY,NUT1,2019,4458153.0
M04,DOM,LSTY,NUT1,2020,773933.0
M04,DOM,LSTY,NUT1,2021,2876896.0
M04,DOM,LSTY,NUT1,2022,6463690.0
M04,DOM,LSTY,NUT1,2023,7829287.0
M04,DOM,LSTY,NUT2,2018,3204809.0
M04,DOM,LSTY,NUT2,2019,4458153.0
M04,DOM,LSTY,NUT2,2020,773933.0
M04,DOM,LSTY,NUT2,2021,2876896.0
M04,DOM,LSTY,NUT2,2022,6463690.0
M04,DOM,LSTY,NUT2,2023,7829287.0
M04,DOM,LSTY,[EU27_2020],2018,3149465.0
M04,DOM,LSTY,[EU27_2020],2019,4388725.0
M04,DOM,LSTY,[EU27_2020],2020,729959.0
M04,DOM,LSTY,[EU27_2020],2021,2722792.0
M04,DOM,LSTY,[EU27_2020],2022,6340647.0
M04,DOM,LSTY,[EU27_2020],2023,7700949.0
M04,DOM,NGT_SP,Country,2018,9074806.0
M04,DOM,NGT_SP,Country,2019,13250400.0
M04,DOM,NGT_SP,Country,2020,1488533.0
M04,DOM,NGT_SP,Country,2021,6928398.0
M04,DOM,NGT_SP,Country,2022,18211607.0
M04,DOM,NGT_SP,Country,2023,22536401.0
M04,DOM,NGT_SP,NUT1,2018,9074806.0
M04,DOM,NGT_SP,NUT1,2019,13250400.0
M04,DOM,NGT_SP,NUT1,2020,1488533.0
M04,DOM,NGT_SP,NUT1,2021,6928398.0
M04,DOM,NGT_SP,NUT1,2022,18211607.0
M04,DOM,NGT_SP,NUT1,2023,22536401.0
M04,DOM,NGT_SP,NUT2,2018,9074806.0
M04,DOM,NGT_SP,NUT2,2019,13250400.0
M04,DOM,NGT_SP,NUT2,2020,1488533.0
M04,DOM,NGT_SP,NUT2,2021,6928398.0
M04,DOM,NGT_SP,NUT2,2022,18211607.0
M04,DOM,NGT_SP,NUT2,2023,22536401.0
M04,DOM,NGT_SP,[EU27_2020],2018,8940032.0
M04,DOM,NGT_SP,[EU27_2020],2019,13061155.0
M04,DOM,NGT_SP,[EU27_2020],2020,1401432.0
M04,DOM,NGT_SP,[EU27_2020],2021,6483462.0
M04,DOM,NGT_SP,[EU27_2020],2022,17860043.0
M04,DOM,NGT_SP,[EU27_2020],2023,22173606.0
M04,DOM,STY,Country,2018,1103279.0
M04,DOM,STY,Country,2019,1506304.0
M04,DOM,STY,Country,2020,140038.0
M04,DOM,STY,Country,2021,853089.0
M04,DOM,STY,Country,2022,2010116.0
M04,DOM,STY,Country,2023,2602200.0
M04,DOM,STY,NUT1,2018,1103279.0
M04,DOM,STY,NUT1,2019,1506304.0
M04,DOM,STY,NUT1,2020,140038.0
M04,DOM,STY,NUT1,2021,853089.0
M04,DOM,STY,NUT1,2022,2010116.0
M04,DOM,STY,NUT1,2023,2602200.0
M04,DOM,STY,NUT2,2018,1103279.0
M04,DOM,STY,NUT2,2019,1506304.0
M04,DOM,STY,NUT2,2020,140038.0
M04,DOM,STY,NUT2,2021,853089.0
M04,DOM,STY,NUT2,2022,2010116.0
M04,DOM,STY,NUT2,2023,2602200.0
M04,DOM,STY,[EU27_2020],2018,1086409.0
M04,DOM,STY,[EU27_2020],2019,1484481.0
M04,DOM,STY,[EU27_2020],2020,131285.0
M04,DOM,STY,[EU27_2020],2021,812445.0
M04,DOM,STY,[EU27_2020],2022,1975496.0
M04,DOM,STY,[EU27_2020],2023,2563994.0
M04,FOR,LSTY,Country,2018,6810443.0
M04,FOR,LSTY,Country,2019,8622931.0
M04,FOR,LSTY,Country,2020,570702.0
M04,FOR,LSTY,Country,2021,1378421.0
M04,FOR,LSTY,Country,2022,8850213.0
M04,FOR,LSTY,Country,2023,11456738.0
M04,FOR,LSTY,NUT1,2018,6810443.0
M04,FOR,LSTY,NUT1,2019,8622931.0
M04,FOR,LSTY,NUT1,2020,570702.0
M04,FOR,LSTY,NUT1,2021,1378421.0
M04,FOR,LSTY,NUT1,2022,8850213.0
M04,FOR,LSTY,NUT1,2023,11456738.0
M04,FOR,LSTY,NUT2,2018,6810443.0
M04,FOR,LSTY,NUT2,2019,8622931.0
M04,FOR,LSTY,NUT2,2020,570702.0
M04,FOR,LSTY,NUT2,2021,1378421.0
M04,FOR,LSTY,NUT2,2022,8850213.0
M04,FOR,LSTY,NUT2,2023,11456738.0
M04,FOR,LSTY,[EU27_2020],2018,6624321.0
M04,FOR,LSTY,[EU27_2020],2019,8407225.0
M04,FOR,LSTY,[EU27_2020],2020,542764.0
M04,FOR,LSTY,[EU27_2020],2021,1309561.0
M04,FOR,LSTY,[EU27_2020],2022,8633723.0
M04,FOR,LSTY,[EU27_2020],2023,11165933.0
M04,FOR,NGT_SP,Country,2018,19486584.0
M04,FOR,NGT_SP,Country,2019,25619982.0
M04,FOR,NGT_SP,Country,2020,1264002.0
M04,FOR,NGT_SP,Country,2021,2924172.0
M04,FOR,NGT_SP,Country,2022,24872511.0
M04,FOR,NGT_SP,Country,2023,33088809.0
M04,FOR,NGT_SP,NUT1,2018,19486584.0
M04,FOR,NGT_SP,NUT1,2019,25619982.0
M04,FOR,NGT_SP,NUT1,2020,1264002.0
M04,FOR,NGT_SP,NUT1,2021,2924172.0
M04,FOR,NGT_SP,NUT1,2022,24872511.0
M04,FOR,NGT_SP,NUT1,2023,33088809.0
M04,FOR,NGT_SP,NUT2,2018,19486584.0
M04,FOR,NGT_SP,NUT2,2019,25619982.0
M04,FOR,NGT_SP,NUT2,2020,1264002.0
M04,FOR,NGT_SP,NUT2,2021,2924172.0
M04,FOR,NGT_SP,NUT2,2022,24872511.0
M04,FOR,NGT_SP,NUT2,2023,33088809.0
M04,FOR,NGT_SP,[EU27_2020],2018,19002426.0
M04,FOR,NGT_SP,[EU27_2020],2019,25035509.0
M04,FOR,NGT_SP,[EU27_2020],2020,1212309.0
M04,FOR,NGT_SP,[EU27_2020],2021,2777357.0
M04,FOR,NGT_SP,[EU27_2020],2022,24305421.0
M04,FOR,NGT_SP,[EU27_2020],2023,32305809.0
M04,FOR,STY,Country,2018,1800411.0
M04,FOR,STY,Country,2019,2319666.0
M04,FOR,STY,Country,2020,52316.0
M04,FOR,STY,Country,2021,198757.0
M04,FOR,STY,Country,2022,1976235.0
M04,FOR,STY,Country,2023,2829134.0
M04,FOR,STY,NUT1,2018,1800411.0
M04,FOR,STY,NUT1,2019,2319666.0
M04,FOR,STY,NUT1,2020,52316.0
M04,FOR,STY,NUT1,2021,198757.0
M04,FOR,STY,NUT1,2022,1976235.0
M04,FOR,STY,NUT1,2023,2829134.0
M04,FOR,STY,NUT2,2018,1800411.0
M04,FOR,STY,NUT2,2019,2319666.0
M04,FOR,STY,NUT2,2020,52316.0
M04,FOR,STY,NUT2,2021,198757.0
M04,FOR,STY,NUT2,2022,1976235.0
M04,FOR,STY,NUT2,2023,2829134.0
M04,FOR,STY,[EU27_2020],2018,1737924.0
M04,FOR,STY,[EU27_2020],2019,2248580.0
M04,FOR,STY,[EU27_2020],2020,49415.0
M04,FOR,STY,[EU27_2020],2021,186565.0
M04,FOR,STY,[EU27_2020],2022,1917639.0
M04,FOR,STY,[EU27_2020],2023,2740049.0
M05,DOM,LSTY,Country,2018,3590266.0
M05,DOM,LSTY,Country,2019,4147743.0
M05,DOM,LSTY,Country,2020,1819998.0
M05,DOM,LSTY,Country,2021,5022782.0
M05,DOM,LSTY,Country,2022,6275640.0
M05,DOM,LSTY,Country,2023,7471990.0
M05,DOM,LSTY,NUT1,2018,3590266.0
M05,DOM,LSTY,NUT1,2019,4147743.0
M05,DOM,LSTY,NUT1,2020,1819998.0
M05,DOM,LSTY,NUT1,2021,5022782.0
M05,DOM,LSTY,NUT1,2022,6275640.0
M05,DOM,LSTY,NUT1,2023,7471990.0
M05,DOM,LSTY,NUT2,2018,3590266.0
M05,DOM,LSTY,NUT2,2019,4147743.0
M05,DOM,LSTY,NUT2,2020,1819998.0
M05,DOM,LSTY,NUT2,2021,5022782.0
M05,DOM,LSTY,NUT2,2022,6275640.0
M05,DOM,LSTY,NUT2,2023,7471990.0
M05,DOM,LSTY,[EU27_2020],2018,3532062.0
M05,DOM,LSTY,[EU27_2020],2019,4081271.0
M05,DOM,LSTY,[EU27_2020],2020,1730750.0
M05,DOM,LSTY,[EU27_2020],2021,4871484.0
M05,DOM,LSTY,[EU27_2020],2022,6170681.0
M05,DOM,LSTY,[EU27_2020],2023,7352355.0
M05,DOM,NGT_SP,Country,2018,10031541.0
M05,DOM,NGT_SP,Country,2019,11287789.0
M05,DOM,NGT_SP,Country,2020,4235655.0
M05,DOM,NGT_SP,Country,2021,13250700.0
M05,DOM,NGT_SP,Country,2022,16423321.0
M05,DOM,NGT_SP,Country,2023,20332339.0
M05,DOM,NGT_SP,NUT1,2018,10031541.0
M05,DOM,NGT_SP,NUT1,2019,11287789.0
M05,DOM,NGT_SP,NUT1,2020,4235655.0
M05,DOM,NGT_SP,NUT1,2021,13250700.0
M05,DOM,NGT_SP,NUT1,2022,16423321.0
M05,DOM,NGT_SP,NUT1,2023,20332339.0
M05,DOM,NGT_SP,NUT2,2018,10031541.0
M05,DOM,NGT_SP,NUT2,2019,11287789.0
M05,DOM,NGT_SP,NUT2,2020,4235655.0
M05,DOM,NGT_SP,NUT2,2021,13250700.0
M05,DOM,NGT_SP,NUT2,2022,16423321.0
M05,DOM,NGT_SP,NUT2,2023,20332339.0
M05,DOM,NGT_SP,[EU27_2020],2018,9885171.0
M05,DOM,NGT_SP,[EU27_2020],2019,11127152.0
M05,DOM,NGT_SP,[EU27_2020],2020,4017678.0
M05,DOM,NGT_SP,[EU27_2020],2021,12834666.0
M05,DOM,NGT_SP,[EU27_2020],2022,16154670.0
M05,DOM,NGT_SP,[EU27_2020],2023,20014631.0
M05,DOM,STY,Country,2018,1255572.0
M05,DOM,STY,Country,2019,1511239.0
M05,DOM,STY,Country,2020,539842.0
M05,DOM,STY,Country,2021,1603202.0
M05,DOM,STY,Country,2022,2008097.0
M05,DOM,STY,Country,2023,2564998.0
M05,DOM,STY,NUT1,2018,1255572.0
M05,DOM,STY,NUT1,2019,1511239.0
M05,DOM,STY,NUT1,2020,539842.0
M05,DOM,STY,NUT1,2021,1603202.0
M05,DOM,STY,NUT1,2022,2008097.0
M05,DOM,STY,NUT1,2023,2564998.0
M05,DOM,STY,NUT2,2018,1255572.0
M05,DOM,STY,NUT2,2019,1511239.0
M05,DOM,STY,NUT2,2020,539842.0
M05,DOM,STY,NUT2,2021,1603202.0
M05,DOM,STY,NUT2,2022,2008097.0
M05,DOM,STY,NUT2,2023,2564998.0
M05,DOM,STY,[EU27_2020],2018,1236142.0
M05,DOM,STY,[EU27_2020],2019,1488579.0
M05,DOM,STY,[EU27_2020],2020,514155.0
M05,DOM,STY,[EU27_2020],2021,1561678.0
M05,DOM,STY,[EU27_2020],2022,1977451.0
M05,DOM,STY,[EU27_2020],2023,2527395.0
M05,FOR,LSTY,Country,2018,8795967.0
M05,FOR,LSTY,Country,2019,9531427.0
M05,FOR,LSTY,Country,2020,595466.0
M05,FOR,LSTY,Country,2021,2351282.0
M05,FOR,LSTY,Country,2022,10054436.0
M05,FOR,LSTY,Country,2023,13287829.0
M05,FOR,LSTY,NUT1,2018,8795967.0
M05,FOR,LSTY,NUT1,2019,9531427.0
M05,FOR,LSTY,NUT1,2020,595466.0
M05,FOR,LSTY,NUT1,2021,2351282.0
M05,FOR,LSTY,NUT1,2022,10054436.0
M05,FOR,LSTY,NUT1,2023,13287829.0
M05,FOR,LSTY,NUT2,2018,8795967.0
M05,FOR,LSTY,NUT2,2019,9531427.0
M05,FOR,LSTY,NUT2,2020,595466.0
M05,FOR,LSTY,NUT2,2021,2351282.0
M05,FOR,LSTY,NUT2,2022,10054436.0
M05,FOR,LSTY,NUT2,2023,13287829.0
M05,FOR,LSTY,[EU27_2020],2018,8547847.0
M05,FOR,LSTY,[EU27_2020],2019,9266332.0
M05,FOR,LSTY,[EU27_2020],2020,563670.0
M05,FOR,LSTY,[EU27_2020],2021,2268653.0
M05,FOR,LSTY,[EU27_2020],2022,9791372.0
M05,FOR,LSTY,[EU27_2020],2023,12930905.0
M05,FOR,NGT_SP,Country,2018,25220411.0
M05,FOR,NGT_SP,Country,2019,26276333.0
M05,FOR,NGT_SP,Country,2020,1345445.0
M05,FOR,NGT_SP,Country,2021,5558075.0
M05,FOR,NGT_SP,Country,2022,26501996.0
M05,FOR,NGT_SP,Country,2023,36348145.0
M05,FOR,NGT_SP,NUT1,2018,25220411.0
M05,FOR,NGT_SP,NUT1,2019,26276333.0
M05,FOR,NGT_SP,NUT1,2020,1345445.0
M05,FOR,NGT_SP,NUT1,2021,5558075.0
M05,FOR,NGT_SP,NUT1,2022,26501996.0
M05,FOR,NGT_SP,NUT1,2023,36348145.0
M05,FOR,NGT_SP,NUT2,2018,25220411.0
M05,FOR,NGT_SP,NUT2,2019,26276333.0
M05,FOR,NGT_SP,NUT2,2020,1345445.0
M05,FOR,NGT_SP,NUT2,2021,5558075.0
M05,FOR,NGT_SP,NUT2,2022,26501996.0
M05,FOR,NGT_SP,NUT2,2023,36348145.0
M05,FOR,NGT_SP,[EU27_2020],2018,24580342.0
M05,FOR,NGT_SP,[EU27_2020],2019,25623322.0
M05,FOR,NGT_SP,[EU27_2020],2020,1281831.0
M05,FOR,NGT_SP,[EU27_2020],2021,5388993.0
M05,FOR,NGT_SP,[EU27_2020],2022,25878713.0
M05,FOR,NGT_SP,[EU27_2020],2023,35447334.0
M05,FOR,STY,Country,2018,2366445.0
M05,FOR,STY,Country,2019,2638543.0
M05,FOR,STY,Country,2020,86005.0
M05,FOR,STY,Country,2021,435566.0
M05,FOR,STY,Country,2022,2307834.0
M05,FOR,STY,Country,2023,3313600.0
M05,FOR,STY,NUT1,2018,2366445.0
M05,FOR,STY,NUT1,2019,2638543.0
M05,FOR,STY,NUT1,2020,86005.0
M05,FOR,STY,NUT1,2021,435566.0
M05,FOR,STY,NUT1,2022,2307834.0
M05,FOR,STY,NUT1,2023,3313600.0
M05,FOR,STY,NUT2,2018,2366445.0
M05,FOR,STY,NUT2,2019,2638543.0
M05,FOR,STY,NUT2,2020,86005.0
M05,FOR,STY,NUT2,2021,435566.0
M05,FOR,STY,NUT2,2022,2307834.0
M05,FOR,STY,NUT2,2023,3313600.0
M05,FOR,STY,[EU27_2020],2018,2274504.0
M05,FOR,STY,[EU27_2020],2019,2543482.0
M05,FOR,STY,[EU27_2020],2020,80537.0
M05,FOR,STY,[EU27_2020],2021,417601.0
M05,FOR,STY,[EU27_2020],2022,2227864.0
M05,FOR,STY,[EU27_2020],2023,3195850.0
M06,DOM,LSTY,Country,2018,4262414.0
M06,DOM,LSTY,Country,2019,5581547.0
M06,DOM,LSTY,Country,2020,4532415.0
M06,DOM,LSTY,Country,2021,6923778.0
M06,DOM,LSTY,Country,2022,8026097.0
M06,DOM,LSTY,Country,2023,8876532.0
M06,DOM,LSTY,NUT1,2018,4262414.0
M06,DOM,LSTY,NUT1,2019,5581547.0
M06,DOM,LSTY,NUT1,2020,4532415.0
M06,DOM,LSTY,NUT1,2021,6923778.0
M06,DOM,LSTY,NUT1,2022,8026097.0
M06,DOM,LSTY,NUT1,2023,8876532.0
M06,DOM,LSTY,NUT2,2018,4262414.0
M06,DOM,LSTY,NUT2,2019,5581547.0
M06,DOM,LSTY,NUT2,2020,4532415.0
M06,DOM,LSTY,NUT2,2021,6923778.0
M06,DOM,LSTY,NUT2,2022,8026097.0
M06,DOM,LSTY,NUT2,2023,8876532.0
M06,DOM,LSTY,[EU27_2020],2018,4191055.0
M06,DOM,LSTY,[EU27_2020],2019,5494925.0
M06,DOM,LSTY,[EU27_2020],2020,4404883.0
M06,DOM,LSTY,[EU27_2020],2021,6760731.0
M06,DOM,LSTY,[EU27_2020],2022,7894313.0
M06,DOM,LSTY,[EU27_2020],2023,8733134.0
M06,DOM,NGT_SP,Country,2018,11989239.0
M06,DOM,NGT_SP,Country,2019,15935601.0
M06,DOM,NGT_SP,Country,2020,11882916.0
M06,DOM,NGT_SP,Country,2021,18650894.0
M06,DOM,NGT_SP,Country,2022,21731059.0
M06,DOM,NGT_SP,Country,2023,23814689.0
M06,DOM,NGT_SP,NUT1,2018,11989239.0
M06,DOM,NGT_SP,NUT1,2019,15935601.0
M06,DOM,NGT_SP,NUT1,2020,11882916.0
M06,DOM,NGT_SP,NUT1,2021,18650894.0
M06,DOM,NGT_SP,NUT1,2022,21731059.0
M06,DOM,NGT_SP,NUT1,2023,23814689.0
M06,DOM,NGT_SP,NUT2,2018,11989239.0
M06,DOM,NGT_SP,NUT2,2019,15935601.0
M06,DOM,NGT_SP,NUT2,2020,11882916.0
M06,DOM,NGT_SP,NUT2,2021,18650894.0
M06,DOM,NGT_SP,NUT2,2022,21731059.0
M06,DOM,NGT_SP,NUT2,2023,23814689.0
M06,DOM,NGT_SP,[EU27_2020],2018,11809517.0
M06,DOM,NGT_SP,[EU27_2020],2019,15708711.0
M06,DOM,NGT_SP,[EU27_2020],2020,11547010.0
M06,DOM,NGT_SP,[EU27_2020],2021,18212618.0
M06,DOM,NGT_SP,[EU27_2020],2022,21374551.0
M06,DOM,NGT_SP,[EU27_2020],2023,23441790.0
M06,DOM,STY,Country,2018,1430028.0
M06,DOM,STY,Country,2019,1845773.0
M06,DOM,STY,Country,2020,1327465.0
M06,DOM,STY,Country,2021,2020576.0
M06,DOM,STY,Country,2022,2442847.0
M06,DOM,STY,Country,2023,2937881.0
M06,DOM,STY,NUT1,2018,1430028.0
M06,DOM,STY,NUT1,2019,1845773.0
M06,DOM,STY,NUT1,2020,1327465.0
M06,DOM,STY,NUT1,2021,2020576.0
M06,DOM,STY,NUT1,2022,2442847.0
M06,DOM,STY,NUT1,2023,2937881.0
M06,DOM,STY,NUT2,2018,1430028.0
M06,DOM,STY,NUT2,2019,1845773.0
M06,DOM,STY,NUT2,2020,1327465.0
M06,DOM,STY,NUT2,2021,2020576.0
M06,DOM,STY,NUT2,2022,2442847.0
M06,DOM,STY,NUT2,2023,2937881.0
M06,DOM,STY,[EU27_2020],2018,1404913.0
M06,DOM,STY,[EU27_2020],2019,1815633.0
M06,DOM,STY,[EU27_2020],2020,1290953.0
M06,DOM,STY,[EU27_2020],2021,1975820.0
M06,DOM,STY,[EU27_2020],2022,2401044.0
M06,DOM,STY,[EU27_2020],2023,2888169.0
M06,FOR,LSTY,Country,2018,10820705.0
M06,FOR,LSTY,Country,2019,13038408.0
M06,FOR,LSTY,Country,2020,1599117.0
M06,FOR,LSTY,Country,2021,4316466.0
M06,FOR,LSTY,Country,2022,13814580.0
M06,FOR,LSTY,Country,2023,16595269.0
M06,FOR,LSTY,NUT1,2018,10820705.0
M06,FOR,LSTY,NUT1,2019,13038408.0
M06,FOR,LSTY,NUT1,2020,1599117.0
M06,FOR,LSTY,NUT1,2021,4316466.0
M06,FOR,LSTY,NUT1,2022,13814580.0
M06,FOR,LSTY,NUT1,2023,16595269.0
M06,FOR,LSTY,NUT2,2018,10820705.0
M06,FOR,LSTY,NUT2,2019,13038408.0
M06,FOR,LSTY,NUT2,2020,1599117.0
M06,FOR,LSTY,NUT2,2021,4316466.0
M06,FOR,LSTY,NUT2,2022,13814580.0
M06,FOR,LSTY,NUT2,2023,16595269.0
M06,FOR,LSTY,[EU27_2020],2018,10463902.0
M06,FOR,LSTY,[EU27_2020],2019,12640896.0
M06,FOR,LSTY,[EU27_2020],2020,1539929.0
M06,FOR,LSTY,[EU27_2020],2021,4208187.0
M06,FOR,LSTY,[EU27_2020],2022,13432257.0
M06,FOR,LSTY,[EU27_2020],2023,16078717.0
M06,FOR,NGT_SP,Country,2018,32546252.0
M06,FOR,NGT_SP,Country,2019,39288920.0
M06,FOR,NGT_SP,Country,2020,4131742.0
M06,FOR,NGT_SP,Country,2021,11228951.0
M06,FOR,NGT_SP,Country,2022,39200218.0
M06,FOR,NGT_SP,Country,2023,47751525.0
M06,FOR,NGT_SP,NUT1,2018,32546252.0
M06,FOR,NGT_SP,NUT1,2019,39288920.0
M06,FOR,NGT_SP,NUT1,2020,4131742.0
M06,FOR,NGT_SP,NUT1,2021,11228951.0
M06,FOR,NGT_SP,NUT1,2022,39200218.0
M06,FOR,NGT_SP,NUT1,2023,47751525.0
M06,FOR,NGT_SP,NUT2,2018,32546252.0
M06,FOR,NGT_SP,NUT2,2019,39288920.0
M06,FOR,NGT_SP,NUT2,2020,4131742.0
M06,FOR,NGT_SP,NUT2,2021,11228951.0
M06,FOR,NGT_SP,NUT2,2022,39200218.0
M06,FOR,NGT_SP,NUT2,2023,47751525.0
M06,FOR,NGT_SP,[EU27_2020],2018,31596970.0
M06,FOR,NGT_SP,[EU27_2020],2019,38224558.0
M06,FOR,NGT_SP,[EU27_2020],2020,4008783.0
M06,FOR,NGT_SP,[EU27_2020],2021,10993041.0
M06,FOR,NGT_SP,[EU27_2020],2022,38233569.0
M06,FOR,NGT_SP,[EU27_2020],2023,46399265.0
M06,FOR,STY,Country,2018,2729332.0
M06,FOR,STY,Country,2019,3320505.0
M06,FOR,STY,Country,2020,341486.0
M06,FOR,STY,Country,2021,873055.0
M06,FOR,STY,Country,2022,3107355.0
M06,FOR,STY,Country,2023,4006891.0
M06,FOR,STY,NUT1,2018,2729332.0
M06,FOR,STY,NUT1,2019,3320505.0
M06,FOR,STY,NUT1,2020,341486.0
M06,FOR,STY,NUT1,2021,873055.0
M06,FOR,STY,NUT1,2022,3107355.0
M06,FOR,STY,NUT1,2023,4006891.0
M06,FOR,STY,NUT2,2018,2729332.0
M06,FOR,STY,NUT2,2019,3320505.0
M06,FOR,STY,NUT2,2020,341486.0
M06,FOR,STY,NUT2,2021,873055.0
M06,FOR,STY,NUT2,2022,3107355.0
M06,FOR,STY,NUT2,2023,4006891.0
M06,FOR,STY,[EU27_2020],2018,2595573.0
M06,FOR,STY,[EU27_2020],2019,3176001.0
M06,FOR,STY,[EU27_2020],2020,327687.0
M06,FOR,STY,[EU27_2020],2021,845320.0
M06,FOR,STY,[EU27_2020],2022,2980709.0
M06,FOR,STY,[EU27_2020],2023,3829462.0
M07,DOM,LSTY,Country,2018,6939675.0
M07,DOM,LSTY,Country,2019,8310225.0
M07,DOM,LSTY,Country,2020,10356304.0
M07,DOM,LSTY,Country,2021,13133553.0
M07,DOM,LSTY,Country,2022,12906333.0
M07,DOM,LSTY,Country,2023,13835700.0
M07,DOM,LSTY,NUT1,2018,6939675.0
M07,DOM,LSTY,NUT1,2019,8310225.0
M07,DOM,LSTY,NUT1,2020,10356304.0
M07,DOM,LSTY,NUT1,2021,13133553.0
M07,DOM,LSTY,NUT1,2022,12906333.0
M07,DOM,LSTY,NUT1,2023,13835700.0
M07,DOM,LSTY,NUT2,2018,6939675.0
M07,DOM,LSTY,NUT2,2019,8310225.0
M07,DOM,LSTY,NUT2,2020,10356304.0
M07,DOM,LSTY,NUT2,2021,13133553.0
M07,DOM,LSTY,NUT2,2022,12906333.0
M07,DOM,LSTY,NUT2,2023,13835700.0
M07,DOM,LSTY,[EU27_2020],2018,6818643.0
M07,DOM,LSTY,[EU27_2020],2019,8167628.0
M07,DOM,LSTY,[EU27_2020],2020,10026191.0
M07,DOM,LSTY,[EU27_2020],2021,12762512.0
M07,DOM,LSTY,[EU27_2020],2022,12673752.0
M07,DOM,LSTY,[EU27_2020],2023,13592092.0
M07,DOM,NGT_SP,Country,2018,22160795.0
M07,DOM,NGT_SP,Country,2019,26351370.0
M07,DOM,NGT_SP,Country,2020,32862704.0
M07,DOM,NGT_SP,Country,2021,41371107.0
M07,DOM,NGT_SP,Country,2022,39134327.0
M07,DOM,NGT_SP,Country,2023,41468923.0
M07,DOM,NGT_SP,NUT1,2018,22160795.0
M07,DOM,NGT_SP,NUT1,2019,26351370.0
M07,DOM,NGT_SP,NUT1,2020,32862704.0
M07,DOM,NGT_SP,NUT1,2021,41371107.0
M07,DOM,NGT_SP,NUT1,2022,39134327.0
M07,DOM,NGT_SP,NUT1,2023,41468923.0
M07,DOM,NGT_SP,NUT2,2018,22160795.0
M07,DOM,NGT_SP,NUT2,2019,26351370.0
M07,DOM,NGT_SP,NUT2,2020,32862704.0
M07,DOM,NGT_SP,NUT2,2021,41371107.0
M07,DOM,NGT_SP,NUT2,2022,39134327.0
M07,DOM,NGT_SP,NUT2,2023,41468923.0
M07,DOM,NGT_SP,[EU27_2020],2018,21775387.0
M07,DOM,NGT_SP,[EU27_2020],2019,25892748.0
M07,DOM,NGT_SP,[EU27_2020],2020,31726664.0
M07,DOM,NGT_SP,[EU27_2020],2021,40099138.0
M07,DOM,NGT_SP,[EU27_2020],2022,38385234.0
M07,DOM,NGT_SP,[EU27_2020],2023,40689732.0
M07,DOM,STY,Country,2018,1855308.0
M07,DOM,STY,Country,2019,2210740.0
M07,DOM,STY,Country,2020,2575959.0
M07,DOM,STY,Country,2021,3225886.0
M07,DOM,STY,Country,2022,3306801.0
M07,DOM,STY,Country,2023,3807655.0
M07,DOM,STY,NUT1,2018,1855308.0
M07,DOM,STY,NUT1,2019,2210740.0
M07,DOM,STY,NUT1,2020,2575959.0
M07,DOM,STY,NUT1,2021,3225886.0
M07,DOM,STY,NUT1,2022,3306801.0
M07,DOM,STY,NUT1,2023,3807655.0
M07,DOM,STY,NUT2,2018,1855308.0
M07,DOM,STY,NUT2,2019,2210740.0
M07,DOM,STY,NUT2,2020,2575959.0
M07,DOM,STY,NUT2,2021,3225886.0
M07,DOM,STY,NUT2,2022,3306801.0
M07,DOM,STY,NUT2,2023,3807655.0
M07,DOM,STY,[EU27_2020],2018,1817099.0
M07,DOM,STY,[EU27_2020],2019,2166502.0
M07,DOM,STY,[EU27_2020],2020,2481036.0
M07,DOM,STY,[EU27_2020],2021,3124389.0
M07,DOM,STY,[EU27_2020],2022,3240542.0
M07,DOM,STY,[EU27_2020],2023,3733370.0
M07,FOR,LSTY,Country,2018,16096946.0
M07,FOR,LSTY,Country,2019,17911567.0
M07,FOR,LSTY,Country,2020,6752466.0
M07,FOR,LSTY,Country,2021,10864920.0
M07,FOR,LSTY,Country,2022,20752765.0
M07,FOR,LSTY,Country,2023,23588453.0
M07,FOR,LSTY,NUT1,2018,16096946.0
M07,FOR,LSTY,NUT1,2019,17911567.0
M07,FOR,LSTY,NUT1,2020,6752466.0
M07,FOR,LSTY,NUT1,2021,10864920.0
M07,FOR,LSTY,NUT1,2022,20752765.0
M07,FOR,LSTY,NUT1,2023,23588453.0
M07,FOR,LSTY,NUT2,2018,16096946.0
M07,FOR,LSTY,NUT2,2019,17911567.0
M07,FOR,LSTY,NUT2,2020,6752466.0
M07,FOR,LSTY,NUT2,2021,10864920.0
M07,FOR,LSTY,NUT2,2022,20752765.0
M07,FOR,LSTY,NUT2,2023,23588453.0
M07,FOR,LSTY,[EU27_2020],2018,15648793.0
M07,FOR,LSTY,[EU27_2020],2019,17407124.0
M07,FOR,LSTY,[EU27_2020],2020,6567708.0
M07,FOR,LSTY,[EU27_2020],2021,10644105.0
M07,FOR,LSTY,[EU27_2020],2022,20209600.0
M07,FOR,LSTY,[EU27_2020],2023,22912903.0
M07,FOR,NGT_SP,Country,2018,55727914.0
M07,FOR,NGT_SP,Country,2019,61413711.0
M07,FOR,NGT_SP,Country,2020,21795186.0
M07,FOR,NGT_SP,Country,2021,34163806.0
M07,FOR,NGT_SP,Country,2022,67710280.0
M07,FOR,NGT_SP,Country,2023,77404678.0
M07,FOR,NGT_SP,NUT1,2018,55727914.0
M07,FOR,NGT_SP,NUT1,2019,61413711.0
M07,FOR,NGT_SP,NUT1,2020,21795186.0
M07,FOR,NGT_SP,NUT1,2021,34163806.0
M07,FOR,NGT_SP,NUT1,2022,67710280.0
M07,FOR,NGT_SP,NUT1,2023,77404678.0
M07,FOR,NGT_SP,NUT2,2018,55727914.0
M07,FOR,NGT_SP,NUT2,2019,61413711.0
M07,FOR,NGT_SP,NUT2,2020,21795186.0
M07,FOR,NGT_SP,NUT2,2021,34163806.0
M07,FOR,NGT_SP,NUT2,2022,67710280.0
M07,FOR,NGT_SP,NUT2,2023,77404678.0
M07,FOR,NGT_SP,[EU27_2020],2018,54342280.0
M07,FOR,NGT_SP,[EU27_2020],2019,59866711.0
M07,FOR,NGT_SP,[EU27_2020],2020,21274642.0
M07,FOR,NGT_SP,[EU27_2020],2021,33576508.0
M07,FOR,NGT_SP,[EU27_2020],2022,66097611.0
M07,FOR,NGT_SP,[EU27_2020],2023,75360629.0
M07,FOR,STY,Country,2018,3690239.0
M07,FOR,STY,Country,2019,4131993.0
M07,FOR,STY,Country,2020,1378592.0
M07,FOR,STY,Country,2021,2190240.0
M07,FOR,STY,Country,2022,4353788.0
M07,FOR,STY,Country,2023,5298040.0
M07,FOR,STY,NUT1,2018,3690239.0
M07,FOR,STY,NUT1,2019,4131993.0
M07,FOR,STY,NUT1,2020,1378592.0
M07,FOR,STY,NUT1,2021,2190240.0
M07,FOR,STY,NUT1,2022,4353788.0
M07,FOR,STY,NUT1,2023,5298040.0
M07,FOR,STY,NUT2,2018,3690239.0
M07,FOR,STY,NUT2,2019,4131993.0
M07,FOR,STY,NUT2,2020,1378592.0
M07,FOR,STY,NUT2,2021,2190240.0
M07,FOR,STY,NUT2,2022,4353788.0
M07,FOR,STY,NUT2,2023,5298040.0
M07,FOR,STY,[EU27_2020],2018,3529320.0
M07,FOR,STY,[EU27_2020],2019,3956053.0
M07,FOR,STY,[EU27_2020],2020,1327061.0
M07,FOR,STY,[EU27_2020],2021,2126240.0
M07,FOR,STY,[EU27_2020],2022,4181210.0
M07,FOR,STY,[EU27_2020],2023,5073278.0
M08,DOM,LSTY,Country,2018,9061303.0
M08,DOM,LSTY,Country,2019,11131186.0
M08,DOM,LSTY,Country,2020,14346184.0
M08,DOM,LSTY,Country,2021,15693596.0
M08,DOM,LSTY,Country,2022,15370892.0
M08,DOM,LSTY,Country,2023,16660406.0
M08,DOM,LSTY,NUT1,2018,9061303.0
M08,DOM,LSTY,NUT1,2019,11131186.0
M08,DOM,LSTY,NUT1,2020,14346184.0
M08,DOM,LSTY,NUT1,2021,15693596.0
M08,DOM,LSTY,NUT1,2022,15370892.0
M08,DOM,LSTY,NUT1,2023,16660406.0
M08,DOM,LSTY,NUT2,2018,9061303.0
M08,DOM,LSTY,NUT2,2019,11131186.0
M08,DOM,LSTY,NUT2,2020,14346184.0
M08,DOM,LSTY,NUT2,2021,15693596.0
M08,DOM,LSTY,NUT2,2022,15370892.0
M08,DOM,LSTY,NUT2,2023,16660406.0
M08,DOM,LSTY,[EU27_2020],2018,8973336.0
M08,DOM,LSTY,[EU27_2020],2019,11030261.0
M08,DOM,LSTY,[EU27_2020],2020,14168449.0
M08,DOM,LSTY,[EU27_2020],2021,15496563.0
M08,DOM,LSTY,[EU27_2020],2022,15224161.0
M08,DOM,LSTY,[EU27_2020],2023,16497798.0
M08,DOM,NGT_SP,Country,2018,30006121.0
M08,DOM,NGT_SP,Country,2019,36600149.0
M08,DOM,NGT_SP,Country,2020,46891954.0
M08,DOM,NGT_SP,Country,2021,50158660.0
M08,DOM,NGT_SP,Country,2022,47652387.0
M08,DOM,NGT_SP,Country,2023,51597739.0
M08,DOM,NGT_SP,NUT1,2018,30006121.0
M08,DOM,NGT_SP,NUT1,2019,36600149.0
M08,DOM,NGT_SP,NUT1,2020,46891954.0
M08,DOM,NGT_SP,NUT1,2021,50158660.0
M08,DOM,NGT_SP,NUT1,2022,47652387.0
M08,DOM,NGT_SP,NUT1,2023,51597739.0
M08,DOM,NGT_SP,NUT2,2018,30006121.0
M08,DOM,NGT_SP,NUT2,2019,36600149.0
M08,DOM,NGT_SP,NUT2,2020,46891954.0
M08,DOM,NGT_SP,NUT2,2021,50158660.0
M08,DOM,NGT_SP,NUT2,2022,47652387.0
M08,DOM,NGT_SP,NUT2,2023,51597739.0
M08,DOM,NGT_SP,[EU27_2020],2018,29770853.0
M08,DOM,NGT_SP,[EU27_2020],2019,36329165.0
M08,DOM,NGT_SP,[EU27_2020],2020,46380086.0
M08,DOM,NGT_SP,[EU27_2020],2021,49587023.0
M08,DOM,NGT_SP,[EU27_2020],2022,47248947.0
M08,DOM,NGT_SP,[EU27_2020],2023,51160523.0
M08,DOM,STY,Country,2018,2236354.0
M08,DOM,STY,Country,2019,2757874.0
M08,DOM,STY,Country,2020,3280477.0
M08,DOM,STY,Country,2021,3519339.0
M08,DOM,STY,Country,2022,3561361.0
M08,DOM,STY,Country,2023,4132934.0
M08,DOM,STY,NUT1,2018,2236354.0
M08,DOM,STY,NUT1,2019,2757874.0
M08,DOM,STY,NUT1,2020,3280477.0
M08,DOM,STY,NUT1,2021,3519339.0
M08,DOM,STY,NUT1,2022,3561361.0
M08,DOM,STY,NUT1,2023,4132934.0
M08,DOM,STY,NUT2,2018,2236354.0
M08,DOM,STY,NUT2,2019,2757874.0
M08,DOM,STY,NUT2,2020,3280477.0
M08,DOM,STY,NUT2,2021,3519339.0
M08,DOM,STY,NUT2,2022,3561361.0
M08,DOM,STY,NUT2,2023,4132934.0
M08,DOM,STY,[EU27_2020],2018,2208491.0
M08,DOM,STY,[EU27_2020],2019,2726567.0
M08,DOM,STY,[EU27_2020],2020,3232912.0
M08,DOM,STY,[EU27_2020],2021,3467199.0
M08,DOM,STY,[EU27_2020],2022,3520646.0
M08,DOM,STY,[EU27_2020],2023,4084597.0
M08,FOR,LSTY,Country,2018,16152904.0
M08,FOR,LSTY,Country,2019,18317375.0
M08,FOR,LSTY,Country,2020,8273525.0
M08,FOR,LSTY,Country,2021,12793829.0
M08,FOR,LSTY,Country,2022,20418749.0
M08,FOR,LSTY,Country,2023,23264354.0
M08,FOR,LSTY,NUT1,2018,16152904.0
M08,FOR,LSTY,NUT1,2019,18317375.0
M08,FOR,LSTY,NUT1,2020,8273521.0
M08,FOR,LSTY,NUT1,2021,12793829.0
M08,FOR,LSTY,NUT1,2022,20418749.0
M08,FOR,LSTY,NUT1,2023,23264354.0
M08,FOR,LSTY,NUT2,2018,16152904.0
M08,FOR,LSTY,NUT2,2019,18317375.0
M08,FOR,LSTY,NUT2,2020,8273521.0
M08,FOR,LSTY,NUT2,2021,12793829.0
M08,FOR,LSTY,NUT2,2022,20418749.0
M08,FOR,LSTY,NUT2,2023,23264354.0
M08,FOR,LSTY,[EU27_2020],2018,15663058.0
M08,FOR,LSTY,[EU27_2020],2019,17782072.0
M08,FOR,LSTY,[EU27_2020],2020,8028352.0
M08,FOR,LSTY,[EU27_2020],2021,12455501.0
M08,FOR,LSTY,[EU27_2020],2022,19831937.0
M08,FOR,LSTY,[EU27_2020],2023,22540331.0
M08,FOR,NGT_SP,Country,2018,55245060.0
M08,FOR,NGT_SP,Country,2019,62189139.0
M08,FOR,NGT_SP,Country,2020,26268473.0
M08,FOR,NGT_SP,Country,2021,39712176.0
M08,FOR,NGT_SP,Country,2022,66012871.0
M08,FOR,NGT_SP,Country,2023,76077825.0
M08,FOR,NGT_SP,NUT1,2018,55245060.0
M08,FOR,NGT_SP,NUT1,2019,62189139.0
M08,FOR,NGT_SP,NUT1,2020,26268469.0
M08,FOR,NGT_SP,NUT1,2021,39712176.0
M08,FOR,NGT_SP,NUT1,2022,66012871.0
M08,FOR,NGT_SP,NUT1,2023,76077825.0
M08,FOR,NGT_SP,NUT2,2018,55245060.0
M08,FOR,NGT_SP,NUT2,2019,62189139.0
M08,FOR,NGT_SP,NUT2,2020,26268469.0
M08,FOR,NGT_SP,NUT2,2021,39712176.0
M08,FOR,NGT_SP,NUT2,2022,66012871.0
M08,FOR,NGT_SP,NUT2,2023,76077825.0
M08,FOR,NGT_SP,[EU27_2020],2018,53775918.0
M08,FOR,NGT_SP,[EU27_2020],2019,60593825.0
M08,FOR,NGT_SP,[EU27_2020],2020,25615971.0
M08,FOR,NGT_SP,[EU27_2020],2021,38803991.0
M08,FOR,NGT_SP,[EU27_2020],2022,64318598.0
M08,FOR,NGT_SP,[EU27_2020],2023,73942176.0
M08,FOR,STY,Country,2018,3803058.0
M08,FOR,STY,Country,2019,4317391.0
M08,FOR,STY,Country,2020,1672268.0
M08,FOR,STY,Country,2021,2659770.0
M08,FOR,STY,Country,2022,4323988.0
M08,FOR,STY,Country,2023,5253187.0
M08,FOR,STY,NUT1,2018,3803058.0
M08,FOR,STY,NUT1,2019,4317391.0
M08,FOR,STY,NUT1,2020,1672266.0
M08,FOR,STY,NUT1,2021,2659770.0
M08,FOR,STY,NUT1,2022,4323988.0
M08,FOR,STY,NUT1,2023,5253187.0
M08,FOR,STY,NUT2,2018,3803058.0
M08,FOR,STY,NUT2,2019,4317391.0
M08,FOR,STY,NUT2,2020,1672266.0
M08,FOR,STY,NUT2,2021,2659770.0
M08,FOR,STY,NUT2,2022,4323988.0
M08,FOR,STY,NUT2,2023,5253187.0
M08,FOR,STY,[EU27_2020],2018,3622509.0
M08,FOR,STY,[EU27_2020],2019,4127380.0
M08,FOR,STY,[EU27_2020],2020,1606270.0
M08,FOR,STY,[EU27_2020],2021,2559430.0
M08,FOR,STY,[EU27_2020],2022,4138253.0
M08,FOR,STY,[EU27_2020],2023,5010532.0
M09,DOM,LSTY,Country,2018,4624670.0
M09,DOM,LSTY,Country,2019,5391642.0
M09,DOM,LSTY,Country,2020,6596816.0
M09,DOM,LSTY,Country,2021,7309870.0
M09,DOM,LSTY,Country,2022,7793026.0
M09,DOM,LSTY,Country,2023,9076875.0
M09,DOM,LSTY,NUT1,2018,4624670.0
M09,DOM,LSTY,NUT1,2019,5391642.0
M09,DOM,LSTY,NUT1,2020,6596816.0
M09,DOM,LSTY,NUT1,2021,7309870.0
M09,DOM,LSTY,NUT1,2022,7793026.0
M09,DOM,LSTY,NUT1,2023,9076875.0
M09,DOM,LSTY,NUT2,2018,4624670.0
M09,DOM,LSTY,NUT2,2019,5391642.0
M09,DOM,LSTY,NUT2,2020,6596816.0
M09,DOM,LSTY,NUT2,2021,7309870.0
M09,DOM,LSTY,NUT2,2022,7793026.0
M09,DOM,LSTY,NUT2,2023,9076875.0
M09,DOM,LSTY,[EU27_2020],2018,4555597.0
M09,DOM,LSTY,[EU27_2020],2019,5310250.0
M09,DOM,LSTY,[EU27_2020],2020,6456387.0
M09,DOM,LSTY,[EU27_2020],2021,7179846.0
M09,DOM,LSTY,[EU27_2020],2022,7679012.0
M09,DOM,LSTY,[EU27_2020],2023,8942750.0
M09,DOM,NGT_SP,Country,2018,12076746.0
M09,DOM,NGT_SP,Country,2019,13806615.0
M09,DOM,NGT_SP,Country,2020,16581289.0
M09,DOM,NGT_SP,Country,2021,18566671.0
M09,DOM,NGT_SP,Country,2022,19696627.0
M09,DOM,NGT_SP,Country,2023,23073275.0
M09,DOM,NGT_SP,NUT1,2018,12076746.0
M09,DOM,NGT_SP,NUT1,2019,13806615.0
M09,DOM,NGT_SP,NUT1,2020,16581289.0
M09,DOM,NGT_SP,NUT1,2021,18566671.0
M09,DOM,NGT_SP,NUT1,2022,19696627.0
M09,DOM,NGT_SP,NUT1,2023,23073275.0
M09,DOM,NGT_SP,NUT2,2018,12076746.0
M09,DOM,NGT_SP,NUT2,2019,13806615.0
M09,DOM,NGT_SP,NUT2,2020,16581289.0
M09,DOM,NGT_SP,NUT2,2021,18566671.0
M09,DOM,NGT_SP,NUT2,2022,19696627.0
M09,DOM,NGT_SP,NUT2,2023,23073275.0
M09,DOM,NGT_SP,[EU27_2020],2018,11910983.0
M09,DOM,NGT_SP,[EU27_2020],2019,13612707.0
M09,DOM,NGT_SP,[EU27_2020],2020,16211739.0
M09,DOM,NGT_SP,[EU27_2020],2021,18240548.0
M09,DOM,NGT_SP,[EU27_2020],2022,19418471.0
M09,DOM,NGT_SP,[EU27_2020],2023,22745252.0
M09,DOM,STY,Country,2018,1467538.0
M09,DOM,STY,Country,2019,1708543.0
M09,DOM,STY,Country,2020,1831426.0
M09,DOM,STY,Country,2021,2061909.0
M09,DOM,STY,Country,2022,2310428.0
M09,DOM,STY,Country,2023,2939979.0
M09,DOM,STY,NUT1,2018,1467538.0
M09,DOM,STY,NUT1,2019,1708543.0
M09,DOM,STY,NUT1,2020,1831426.0
M09,DOM,STY,NUT1,2021,2061909.0
M09,DOM,STY,NUT1,2022,2310428.0
M09,DOM,STY,NUT1,2023,2939979.0
M09,DOM,STY,NUT2,2018,1467538.0
M09,DOM,STY,NUT2,2019,1708543.0
M09,DOM,STY,NUT2,2020,1831426.0
M09,DOM,STY,NUT2,2021,2061909.0
M09,DOM,STY,NUT2,2022,2310428.0
M09,DOM,STY,NUT2,2023,2939979.0
M09,DOM,STY,[EU27_2020],2018,1446224.0
M09,DOM,STY,[EU27_2020],2019,1683735.0
M09,DOM,STY,[EU27_2020],2020,1795537.0
M09,DOM,STY,[EU27_2020],2021,2027559.0
M09,DOM,STY,[EU27_2020],2022,2277034.0
M09,DOM,STY,[EU27_2020],2023,2897774.0
M09,FOR,LSTY,Country,2018,11742830.0
M09,FOR,LSTY,Country,2019,13112601.0
M09,FOR,LSTY,Country,2020,4484497.0
M09,FOR,LSTY,Country,2021,9018756.0
M09,FOR,LSTY,Country,2022,14653217.0
M09,FOR,LSTY,Country,2023,17879442.0
M09,FOR,LSTY,NUT1,2018,11742830.0
M09,FOR,LSTY,NUT1,2019,13112601.0
M09,FOR,LSTY,NUT1,2020,4484497.0
M09,FOR,LSTY,NUT1,2021,9018756.0
M09,FOR,LSTY,NUT1,2022,14653217.0
M09,FOR,LSTY,NUT1,2023,17879442.0
M09,FOR,LSTY,NUT2,2018,11742830.0
M09,FOR,LSTY,NUT2,2019,13112601.0
M09,FOR,LSTY,NUT2,2020,4484497.0
M09,FOR,LSTY,NUT2,2021,9018756.0
M09,FOR,LSTY,NUT2,2022,14653217.0
M09,FOR,LSTY,NUT2,2023,17879442.0
M09,FOR,LSTY,[EU27_2020],2018,11422830.0
M09,FOR,LSTY,[EU27_2020],2019,12777511.0
M09,FOR,LSTY,[EU27_2020],2020,4355558.0
M09,FOR,LSTY,[EU27_2020],2021,8781238.0
M09,FOR,LSTY,[EU27_2020],2022,14294658.0
M09,FOR,LSTY,[EU27_2020],2023,17418566.0
M09,FOR,NGT_SP,Country,2018,32012501.0
M09,FOR,NGT_SP,Country,2019,34909865.0
M09,FOR,NGT_SP,Country,2020,10855149.0
M09,FOR,NGT_SP,Country,2021,22564018.0
M09,FOR,NGT_SP,Country,2022,38206190.0
M09,FOR,NGT_SP,Country,2023,47683313.0
M09,FOR,NGT_SP,NUT1,2018,32012501.0
M09,FOR,NGT_SP,NUT1,2019,34909865.0
M09,FOR,NGT_SP,NUT1,2020,10855149.0
M09,FOR,NGT_SP,NUT1,2021,22564018.0
M09,FOR,NGT_SP,NUT1,2022,38206190.0
M09,FOR,NGT_SP,NUT1,2023,47683313.0
M09,FOR,NGT_SP,NUT2,2018,32012501.0
M09,FOR,NGT_SP,NUT2,2019,34909865.0
M09,FOR,NGT_SP,NUT2,2020,10855149.0
M09,FOR,NGT_SP,NUT2,2021,22564018.0
M09,FOR,NGT_SP,NUT2,2022,38206190.0
M09,FOR,NGT_SP,NUT2,2023,47683313.0
M09,FOR,NGT_SP,[EU27_2020],2018,31221243.0
M09,FOR,NGT_SP,[EU27_2020],2019,34108777.0
M09,FOR,NGT_SP,[EU27_2020],2020,10597041.0
M09,FOR,NGT_SP,[EU27_2020],2021,22031534.0
M09,FOR,NGT_SP,[EU27_2020],2022,37360658.0
M09,FOR,NGT_SP,[EU27_2020],2023,46551287.0
M09,FOR,STY,Country,2018,2967515.0
M09,FOR,STY,Country,2019,3317602.0
M09,FOR,STY,Country,2020,901808.0
M09,FOR,STY,Country,2021,1937568.0
M09,FOR,STY,Country,2022,3332302.0
M09,FOR,STY,Country,2023,4339281.0
M09,FOR,STY,NUT1,2018,2967515.0
M09,FOR,STY,NUT1,2019,3317602.0
M09,FOR,STY,NUT1,2020,901808.0
M09,FOR,STY,NUT1,2021,1937568.0
M09,FOR,STY,NUT1,2022,3332302.0
M09,FOR,STY,NUT1,2023,4339281.0
M09,FOR,STY,NUT2,2018,2967515.0
M09,FOR,STY,NUT2,2019,3317602.0
M09,FOR,STY,NUT2,2020,901808.0
M09,FOR,STY,NUT2,2021,1937568.0
M09,FOR,STY,NUT2,2022,3332302.0
M09,FOR,STY,NUT2,2023,4339281.0
M09,FOR,STY,[EU27_2020],2018,2847102.0
M09,FOR,STY,[EU27_2020],2019,3197749.0
M09,FOR,STY,[EU27_2020],2020,875609.0
M09,FOR,STY,[EU27_2020],2021,1867334.0
M09,FOR,STY,[EU27_2020],2022,3216378.0
M09,FOR,STY,[EU27_2020],2023,4181252.0
M10,DOM,LSTY,Country,2018,3595318.0
M10,DOM,LSTY,Country,2019,4413984.0
M10,DOM,LSTY,Country,2020,4848712.0
M10,DOM,LSTY,Country,2021,5827966.0
M10,DOM,LSTY,Country,2022,6499857.0
M10,DOM,LSTY,Country,2023,7381828.0
M10,DOM,LSTY,NUT1,2018,3595318.0
M10,DOM,LSTY,NUT1,2019,4413984.0
M10,DOM,LSTY,NUT1,2020,4848712.0
M10,DOM,LSTY,NUT1,2021,5827966.0
M10,DOM,LSTY,NUT1,2022,6499857.0
M10,DOM,LSTY,NUT1,2023,7381828.0
M10,DOM,LSTY,NUT2,2018,3595318.0
M10,DOM,LSTY,NUT2,2019,4413984.0
M10,DOM,LSTY,NUT2,2020,4848712.0
M10,DOM,LSTY,NUT2,2021,5827966.0
M10,DOM,LSTY,NUT2,2022,6499857.0
M10,DOM,LSTY,NUT2,2023,7381828.0
M10,DOM,LSTY,[EU27_2020],2018,3522932.0
M10,DOM,LSTY,[EU27_2020],2019,4331382.0
M10,DOM,LSTY,[EU27_2020],2020,4704792.0
M10,DOM,LSTY,[EU27_2020],2021,5673057.0
M10,DOM,LSTY,[EU27_2020],2022,6374124.0
M10,DOM,LSTY,[EU27_2020],2023,7241839.0
M10,DOM,NGT_SP,Country,2018,9465246.0
M10,DOM,NGT_SP,Country,2019,11579603.0
M10,DOM,NGT_SP,Country,2020,12604458.0
M10,DOM,NGT_SP,Country,2021,15477127.0
M10,DOM,NGT_SP,Country,2022,17021207.0
M10,DOM,NGT_SP,Country,2023,19194054.0
M10,DOM,NGT_SP,NUT1,2018,9465246.0
M10,DOM,NGT_SP,NUT1,2019,11579603.0
M10,DOM,NGT_SP,NUT1,2020,12604458.0
M10,DOM,NGT_SP,NUT1,2021,15477127.0
M10,DOM,NGT_SP,NUT1,2022,17021207.0
M10,DOM,NGT_SP,NUT1,2023,19194054.0
M10,DOM,NGT_SP,NUT2,2018,9465246.0
M10,DOM,NGT_SP,NUT2,2019,11579603.0
M10,DOM,NGT_SP,NUT2,2020,12604458.0
M10,DOM,NGT_SP,NUT2,2021,15477127.0
M10,DOM,NGT_SP,NUT2,2022,17021207.0
M10,DOM,NGT_SP,NUT2,2023,19194054.0
M10,DOM,NGT_SP,[EU27_2020],2018,9281405.0
M10,DOM,NGT_SP,[EU27_2020],2019,11374318.0
M10,DOM,NGT_SP,[EU27_2020],2020,12197844.0
M10,DOM,NGT_SP,[EU27_2020],2021,15037128.0
M10,DOM,NGT_SP,[EU27_2020],2022,16690122.0
M10,DOM,NGT_SP,[EU27_2020],2023,18830770.0
M10,DOM,STY,Country,2018,1252490.0
M10,DOM,STY,Country,2019,1533749.0
M10,DOM,STY,Country,2020,1415704.0
M10,DOM,STY,Country,2021,1856427.0
M10,DOM,STY,Country,2022,2089678.0
M10,DOM,STY,Country,2023,2486205.0
M10,DOM,STY,NUT1,2018,1252490.0
M10,DOM,STY,NUT1,2019,1533749.0
M10,DOM,STY,NUT1,2020,1415704.0
M10,DOM,STY,NUT1,2021,1856427.0
M10,DOM,STY,NUT1,2022,2089678.0
M10,DOM,STY,NUT1,2023,2486205.0
M10,DOM,STY,NUT2,2018,1252490.0
M10,DOM,STY,NUT2,2019,1533749.0
M10,DOM,STY,NUT2,2020,1415704.0
M10,DOM,STY,NUT2,2021,1856427.0
M10,DOM,STY,NUT2,2022,2089678.0
M10,DOM,STY,NUT2,2023,2486205.0
M10,DOM,STY,[EU27_2020],2018,1230973.0
M10,DOM,STY,[EU27_2020],2019,1509742.0
M10,DOM,STY,[EU27_2020],2020,1378822.0
M10,DOM,STY,[EU27_2020],2021,1816088.0
M10,DOM,STY,[EU27_2020],2022,2055220.0
M10,DOM,STY,[EU27_2020],2023,2446185.0
M10,FOR,LSTY,Country,2018,8402497.0
M10,FOR,LSTY,Country,2019,9768288.0
M10,FOR,LSTY,Country,2020,2779768.0
M10,FOR,LSTY,Country,2021,7307588.0
M10,FOR,LSTY,Country,2022,11038706.0
M10,FOR,LSTY,Country,2023,13640919.0
M10,FOR,LSTY,NUT1,2018,8402497.0
M10,FOR,LSTY,NUT1,2019,9768288.0
M10,FOR,LSTY,NUT1,2020,2779768.0
M10,FOR,LSTY,NUT1,2021,7307588.0
M10,FOR,LSTY,NUT1,2022,11038706.0
M10,FOR,LSTY,NUT1,2023,13640919.0
M10,FOR,LSTY,NUT2,2018,8402497.0
M10,FOR,LSTY,NUT2,2019,9768288.0
M10,FOR,LSTY,NUT2,2020,2779768.0
M10,FOR,LSTY,NUT2,2021,7307588.0
M10,FOR,LSTY,NUT2,2022,11038706.0
M10,FOR,LSTY,NUT2,2023,13640919.0
M10,FOR,LSTY,[EU27_2020],2018,8164174.0
M10,FOR,LSTY,[EU27_2020],2019,9508450.0
M10,FOR,LSTY,[EU27_2020],2020,2690961.0
M10,FOR,LSTY,[EU27_2020],2021,7114075.0
M10,FOR,LSTY,[EU27_2020],2022,10756386.0
M10,FOR,LSTY,[EU27_2020],2023,13286684.0
M10,FOR,NGT_SP,Country,2018,23257613.0
M10,FOR,NGT_SP,Country,2019,26769480.0
M10,FOR,NGT_SP,Country,2020,6420814.0
M10,FOR,NGT_SP,Country,2021,18882755.0
M10,FOR,NGT_SP,Country,2022,29385100.0
M10,FOR,NGT_SP,Country,2023,37352612.0
M10,FOR,NGT_SP,NUT1,2018,23257613.0
M10,FOR,NGT_SP,NUT1,2019,26769480.0
M10,FOR,NGT_SP,NUT1,2020,6420814.0
M10,FOR,NGT_SP,NUT1,2021,18882755.0
M10,FOR,NGT_SP,NUT1,2022,29385100.0
M10,FOR,NGT_SP,NUT1,2023,37352612.0
M10,FOR,NGT_SP,NUT2,2018,23257613.0
M10,FOR,NGT_SP,NUT2,2019,26769480.0
M10,FOR,NGT_SP,NUT2,2020,6420814.0
M10,FOR,NGT_SP,NUT2,2021,18882755.0
M10,FOR,NGT_SP,NUT2,2022,29385100.0
M10,FOR,NGT_SP,NUT2,2023,37352612.0
M10,FOR,NGT_SP,[EU27_2020],2018,22666142.0
M10,FOR,NGT_SP,[EU27_2020],2019,26136032.0
M10,FOR,NGT_SP,[EU27_2020],2020,6247985.0
M10,FOR,NGT_SP,[EU27_2020],2021,18435066.0
M10,FOR,NGT_SP,[EU27_2020],2022,28697781.0
M10,FOR,NGT_SP,[EU27_2020],2023,36457297.0
M10,FOR,STY,Country,2018,2180549.0
M10,FOR,STY,Country,2019,2536530.0
M10,FOR,STY,Country,2020,502644.0
M10,FOR,STY,Country,2021,1572154.0
M10,FOR,STY,Country,2022,2505611.0
M10,FOR,STY,Country,2023,3245741.0
M10,FOR,STY,NUT1,2018,2180549.0
M10,FOR,STY,NUT1,2019,2536530.0
M10,FOR,STY,NUT1,2020,502644.0
M10,FOR,STY,NUT1,2021,1572154.0
M10,FOR,STY,NUT1,2022,2505611.0
M10,FOR,STY,NUT1,2023,3245741.0
M10,FOR,STY,NUT2,2018,2180549.0
M10,FOR,STY,NUT2,2019,2536530.0
M10,FOR,STY,NUT2,2020,502644.0
M10,FOR,STY,NUT2,2021,1572154.0
M10,FOR,STY,NUT2,2022,2505611.0
M10,FOR,STY,NUT2,2023,3245741.0
M10,FOR,STY,[EU27_2020],2018,2096138.0
M10,FOR,STY,[EU27_2020],2019,2448348.0
M10,FOR,STY,[EU27_2020],2020,488224.0
M10,FOR,STY,[EU27_2020],2021,1519370.0
M10,FOR,STY,[EU27_2020],2022,2421869.0
M10,FOR,STY,[EU27_2020],2023,3132056.0
M11,DOM,LSTY,Country,2018,2768320.0
M11,DOM,LSTY,Country,2019,3402631.0
M11,DOM,LSTY,Country,2020,1857896.0
M11,DOM,LSTY,Country,2021,3906703.0
M11,DOM,LSTY,Country,2022,4659149.0
M11,DOM,LSTY,Country,2023,5408460.0
M11,DOM,LSTY,NUT1,2018,2768320.0
M11,DOM,LSTY,NUT1,2019,3402631.0
M11,DOM,LSTY,NUT1,2020,1857896.0
M11,DOM,LSTY,NUT1,2021,3906703.0
M11,DOM,LSTY,NUT1,2022,4659149.0
M11,DOM,LSTY,NUT1,2023,5408460.0
M11,DOM,LSTY,NUT2,2018,2768320.0
M11,DOM,LSTY,NUT2,2019,3402631.0
M11,DOM,LSTY,NUT2,2020,1857896.0
M11,DOM,LSTY,NUT2,2021,3906703.0
M11,DOM,LSTY,NUT2,2022,4659149.0
M11,DOM,LSTY,NUT2,2023,5408460.0
M11,DOM,LSTY,[EU27_2020],2018,2716477.0
M11,DOM,LSTY,[EU27_2020],2019,3342586.0
M11,DOM,LSTY,[EU27_2020],2020,1777411.0
M11,DOM,LSTY,[EU27_2020],2021,3830877.0
M11,DOM,LSTY,[EU27_2020],2022,4579521.0
M11,DOM,LSTY,[EU27_2020],2023,5316641.0
M11,DOM,NGT_SP,Country,2018,6758404.0
M11,DOM,NGT_SP,Country,2019,8253831.0
M11,DOM,NGT_SP,Country,2020,3696222.0
M11,DOM,NGT_SP,Country,2021,9423891.0
M11,DOM,NGT_SP,Country,2022,11357776.0
M11,DOM,NGT_SP,Country,2023,13098876.0
M11,DOM,NGT_SP,NUT1,2018,6758404.0
M11,DOM,NGT_SP,NUT1,2019,8253831.0
M11,DOM,NGT_SP,NUT1,2020,3696222.0
M11,DOM,NGT_SP,NUT1,2021,9423891.0
M11,DOM,NGT_SP,NUT1,2022,11357776.0
M11,DOM,NGT_SP,NUT1,2023,13098876.0
M11,DOM,NGT_SP,NUT2,2018,6758404.0
M11,DOM,NGT_SP,NUT2,2019,8253831.0
M11,DOM,NGT_SP,NUT2,2020,3696222.0
M11,DOM,NGT_SP,NUT2,2021,9423891.0
M11,DOM,NGT_SP,NUT2,2022,11357776.0
M11,DOM,NGT_SP,NUT2,2023,13098876.0
M11,DOM,NGT_SP,[EU27_2020],2018,6650570.0
M11,DOM,NGT_SP,[EU27_2020],2019,8125787.0
M11,DOM,NGT_SP,[EU27_2020],2020,3522025.0
M11,DOM,NGT_SP,[EU27_2020],2021,9252376.0
M11,DOM,NGT_SP,[EU27_2020],2022,11182653.0
M11,DOM,NGT_SP,[EU27_2020],2023,12893091.0
M11,DOM,STY,Country,2018,1014176.0
M11,DOM,STY,Country,2019,1262215.0
M11,DOM,STY,Country,2020,480633.0
M11,DOM,STY,Country,2021,1269886.0
M11,DOM,STY,Country,2022,1558583.0
M11,DOM,STY,Country,2023,1894741.0
M11,DOM,STY,NUT1,2018,1014176.0
M11,DOM,STY,NUT1,2019,1262215.0
M11,DOM,STY,NUT1,2020,480633.0
M11,DOM,STY,NUT1,2021,1269886.0
M11,DOM,STY,NUT1,2022,1558583.0
M11,DOM,STY,NUT1,2023,1894741.0
M11,DOM,STY,NUT2,2018,1014176.0
M11,DOM,STY,NUT2,2019,1262215.0
M11,DOM,STY,NUT2,2020,480633.0
M11,DOM,STY,NUT2,2021,1269886.0
M11,DOM,STY,NUT2,2022,1558583.0
M11,DOM,STY,NUT2,2023,1894741.0
M11,DOM,STY,[EU27_2020],2018,997813.0
M11,DOM,STY,[EU27_2020],2019,1243489.0
M11,DOM,STY,[EU27_2020],2020,460286.0
M11,DOM,STY,[EU27_2020],2021,1249098.0
M11,DOM,STY,[EU27_2020],2022,1536441.0
M11,DOM,STY,[EU27_2020],2023,1867341.0
M11,FOR,LSTY,Country,2018,4905606.0
M11,FOR,LSTY,Country,2019,5643636.0
M11,FOR,LSTY,Country,2020,1376903.0
M11,FOR,LSTY,Country,2021,4689023.0
M11,FOR,LSTY,Country,2022,6619177.0
M11,FOR,LSTY,Country,2023,7884344.0
M11,FOR,LSTY,NUT1,2018,4905606.0
M11,FOR,LSTY,NUT1,2019,5643636.0
M11,FOR,LSTY,NUT1,2020,1376903.0
M11,FOR,LSTY,NUT1,2021,4689023.0
M11,FOR,LSTY,NUT1,2022,6619177.0
M11,FOR,LSTY,NUT1,2023,7884344.0
M11,FOR,LSTY,NUT2,2018,4905606.0
M11,FOR,LSTY,NUT2,2019,5643636.0
M11,FOR,LSTY,NUT2,2020,1376903.0
M11,FOR,LSTY,NUT2,2021,4689023.0
M11,FOR,LSTY,NUT2,2022,6619177.0
M11,FOR,LSTY,NUT2,2023,7884344.0
M11,FOR,LSTY,[EU27_2020],2018,4732416.0
M11,FOR,LSTY,[EU27_2020],2019,5461003.0
M11,FOR,LSTY,[EU27_2020],2020,1311778.0
M11,FOR,LSTY,[EU27_2020],2021,4539215.0
M11,FOR,LSTY,[EU27_2020],2022,6418891.0
M11,FOR,LSTY,[EU27_2020],2023,7637397.0
M11,FOR,NGT_SP,Country,2018,12114925.0
M11,FOR,NGT_SP,Country,2019,13666485.0
M11,FOR,NGT_SP,Country,2020,2634499.0
M11,FOR,NGT_SP,Country,2021,10860124.0
M11,FOR,NGT_SP,Country,2022,15774259.0
M11,FOR,NGT_SP,Country,2023,19455849.0
M11,FOR,NGT_SP,NUT1,2018,12114925.0
M11,FOR,NGT_SP,NUT1,2019,13666485.0
M11,FOR,NGT_SP,NUT1,2020,2634499.0
M11,FOR,NGT_SP,NUT1,2021,10860124.0
M11,FOR,NGT_SP,NUT1,2022,15774259.0
M11,FOR,NGT_SP,NUT1,2023,19455849.0
M11,FOR,NGT_SP,NUT2,2018,12114925.0
M11,FOR,NGT_SP,NUT2,2019,13666485.0
M11,FOR,NGT_SP,NUT2,2020,2634499.0
M11,FOR,NGT_SP,NUT2,2021,10860124.0
M11,FOR,NGT_SP,NUT2,2022,15774259.0
M11,FOR,NGT_SP,NUT2,2023,19455849.0
M11,FOR,NGT_SP,[EU27_2020],2018,11715427.0
M11,FOR,NGT_SP,[EU27_2020],2019,13264253.0
M11,FOR,NGT_SP,[EU27_2020],2020,2517125.0
M11,FOR,NGT_SP,[EU27_2020],2021,10540125.0
M11,FOR,NGT_SP,[EU27_2020],2022,15321199.0
M11,FOR,NGT_SP,[EU27_2020],2023,18876842.0
M11,FOR,STY,Country,2018,1271939.0
M11,FOR,STY,Country,2019,1442631.0
M11,FOR,STY,Country,2020,157343.0
M11,FOR,STY,Country,2021,963971.0
M11,FOR,STY,Country,2022,1419981.0
M11,FOR,STY,Country,2023,1797218.0
M11,FOR,STY,NUT1,2018,1271939.0
M11,FOR,STY,NUT1,2019,1442631.0
M11,FOR,STY,NUT1,2020,157343.0
M11,FOR,STY,NUT1,2021,963971.0
M11,FOR,STY,NUT1,2022,1419981.0
M11,FOR,STY,NUT1,2023,1797218.0
M11,FOR,STY,NUT2,2018,1271939.0
M11,FOR,STY,NUT2,2019,1442631.0
M11,FOR,STY,NUT2,2020,157343.0
M11,FOR,STY,NUT2,2021,963971.0
M11,FOR,STY,NUT2,2022,1419981.0
M11,FOR,STY,NUT2,2023,1797218.0
M11,FOR,STY,[EU27_2020],2018,1215578.0
M11,FOR,STY,[EU27_2020],2019,1386799.0
M11,FOR,STY,[EU27_2020],2020,148847.0
M11,FOR,STY,[EU27_2020],2021,926806.0
M11,FOR,STY,[EU27_2020],2022,1365348.0
M11,FOR,STY,[EU27_2020],2023,1725101.0
M12,DOM,LSTY,Country,2018,3338487.0
M12,DOM,LSTY,Country,2019,4114112.0
M12,DOM,LSTY,Country,2020,2706528.0
M12,DOM,LSTY,Country,2021,4761862.0
M12,DOM,LSTY,Country,2022,5862832.0
M12,DOM,LSTY,Country,2023,7155507.0
M12,DOM,LSTY,NUT1,2018,3338487.0
M12,DOM,LSTY,NUT1,2019,4114112.0
M12,DOM,LSTY,NUT1,2020,2706528.0
M12,DOM,LSTY,NUT1,2021,4761862.0
M12,DOM,LSTY,NUT1,2022,5862832.0
M12,DOM,LSTY,NUT1,2023,7155507.0
M12,DOM,LSTY,NUT2,2018,3338487.0
M12,DOM,LSTY,NUT2,2019,4114112.0
M12,DOM,LSTY,NUT2,2020,2706528.0
M12,DOM,LSTY,NUT2,2021,4761862.0
M12,DOM,LSTY,NUT2,2022,5862832.0
M12,DOM,LSTY,NUT2,2023,7155507.0
M12,DOM,LSTY,[EU27_2020],2018,3272689.0
M12,DOM,LSTY,[EU27_2020],2019,4035065.0
M12,DOM,LSTY,[EU27_2020],2020,2576447.0
M12,DOM,LSTY,[EU27_2020],2021,4645862.0
M12,DOM,LSTY,[EU27_2020],2022,5754396.0
M12,DOM,LSTY,[EU27_2020],2023,7030162.0
M12,DOM,NGT_SP,Country,2018,10022388.0
M12,DOM,NGT_SP,Country,2019,12068436.0
M12,DOM,NGT_SP,Country,2020,7317674.0
M12,DOM,NGT_SP,Country,2021,13695128.0
M12,DOM,NGT_SP,Country,2022,17090029.0
M12,DOM,NGT_SP,Country,2023,21204204.0
M12,DOM,NGT_SP,NUT1,2018,10022388.0
M12,DOM,NGT_SP,NUT1,2019,12068436.0
M12,DOM,NGT_SP,NUT1,2020,7317674.0
M12,DOM,NGT_SP,NUT1,2021,13695128.0
M12,DOM,NGT_SP,NUT1,2022,17090029.0
M12,DOM,NGT_SP,NUT1,2023,21204204.0
M12,DOM,NGT_SP,NUT2,2018,10022388.0
M12,DOM,NGT_SP,NUT2,2019,12068436.0
M12,DOM,NGT_SP,NUT2,2020,7317674.0
M12,DOM,NGT_SP,NUT2,2021,13695128.0
M12,DOM,NGT_SP,NUT2,2022,17090029.0
M12,DOM,NGT_SP,NUT2,2023,21204204.0
M12,DOM,NGT_SP,[EU27_2020],2018,9826464.0
M12,DOM,NGT_SP,[EU27_2020],2019,11840381.0
M12,DOM,NGT_SP,[EU27_2020],2020,6918391.0
M12,DOM,NGT_SP,[EU27_2020],2021,13355099.0
M12,DOM,NGT_SP,[EU27_2020],2022,16771638.0
M12,DOM,NGT_SP,[EU27_2020],2023,20832272.0
M12,DOM,STY,Country,2018,1150745.0
M12,DOM,STY,Country,2019,1421309.0
M12,DOM,STY,Country,2020,806080.0
M12,DOM,STY,Country,2021,1532080.0
M12,DOM,STY,Country,2022,1911408.0
M12,DOM,STY,Country,2023,2471681.0
M12,DOM,STY,NUT1,2018,1150745.0
M12,DOM,STY,NUT1,2019,1421309.0
M12,DOM,STY,NUT1,2020,806080.0
M12,DOM,STY,NUT1,2021,1532080.0
M12,DOM,STY,NUT1,2022,1911408.0
M12,DOM,STY,NUT1,2023,2471681.0
M12,DOM,STY,NUT2,2018,1150745.0
M12,DOM,STY,NUT2,2019,1421309.0
M12,DOM,STY,NUT2,2020,806080.0
M12,DOM,STY,NUT2,2021,1532080.0
M12,DOM,STY,NUT2,2022,1911408.0
M12,DOM,STY,NUT2,2023,2471681.0
M12,DOM,STY,[EU27_2020],2018,1132414.0
M12,DOM,STY,[EU27_2020],2019,1399348.0
M12,DOM,STY,[EU27_2020],2020,773352.0
M12,DOM,STY,[EU27_2020],2021,1501158.0
M12,DOM,STY,[EU27_2020],2022,1881933.0
M12,DOM,STY,[EU27_2020],2023,2435112.0
M12,FOR,LSTY,Country,2018,5508941.0
M12,FOR,LSTY,Country,2019,6377092.0
M12,FOR,LSTY,Country,2020,1299597.0
M12,FOR,LSTY,Country,2021,4440542.0
M12,FOR,LSTY,Country,2022,7153078.0
M12,FOR,LSTY,Country,2023,8772358.0
M12,FOR,LSTY,NUT1,2018,5508941.0
M12,FOR,LSTY,NUT1,2019,6377092.0
M12,FOR,LSTY,NUT1,2020,1299597.0
M12,FOR,LSTY,NUT1,2021,4440542.0
M12,FOR,LSTY,NUT1,2022,7153078.0
M12,FOR,LSTY,NUT1,2023,8772358.0
M12,FOR,LSTY,NUT2,2018,5508941.0
M12,FOR,LSTY,NUT2,2019,6377092.0
M12,FOR,LSTY,NUT2,2020,1299597.0
M12,FOR,LSTY,NUT2,2021,4440542.0
M12,FOR,LSTY,NUT2,2022,7153078.0
M12,FOR,LSTY,NUT2,2023,8772358.0
M12,FOR,LSTY,[EU27_2020],2018,5292497.0
M12,FOR,LSTY,[EU27_2020],2019,6139875.0
M12,FOR,LSTY,[EU27_2020],2020,1221702.0
M12,FOR,LSTY,[EU27_2020],2021,4269354.0
M12,FOR,LSTY,[EU27_2020],2022,6890800.0
M12,FOR,LSTY,[EU27_2020],2023,8442534.0
M12,FOR,NGT_SP,Country,2018,16051458.0
M12,FOR,NGT_SP,Country,2019,18201094.0
M12,FOR,NGT_SP,Country,2020,2850290.0
M12,FOR,NGT_SP,Country,2021,11645129.0
M12,FOR,NGT_SP,Country,2022,19999123.0
M12,FOR,NGT_SP,Country,2023,25445901.0
M12,FOR,NGT_SP,NUT1,2018,16051458.0
M12,FOR,NGT_SP,NUT1,2019,18201094.0
M12,FOR,NGT_SP,NUT1,2020,2850290.0
M12,FOR,NGT_SP,NUT1,2021,11645129.0
M12,FOR,NGT_SP,NUT1,2022,19999123.0
M12,FOR,NGT_SP,NUT1,2023,25445901.0
M12,FOR,NGT_SP,NUT2,2018,16051458.0
M12,FOR,NGT_SP,NUT2,2019,18201094.0
M12,FOR,NGT_SP,NUT2,2020,2850290.0
M12,FOR,NGT_SP,NUT2,2021,11645129.0
M12,FOR,NGT_SP,NUT2,2022,19999123.0
M12,FOR,NGT_SP,NUT2,2023,25445901.0
M12,FOR,NGT_SP,[EU27_2020],2018,15414021.0
M12,FOR,NGT_SP,[EU27_2020],2019,17523751.0
M12,FOR,NGT_SP,[EU27_2020],2020,2660733.0
M12,FOR,NGT_SP,[EU27_2020],2021,11178685.0
M12,FOR,NGT_SP,[EU27_2020],2022,19245378.0
M12,FOR,NGT_SP,[EU27_2020],2023,24464399.0
M12,FOR,STY,Country,2018,1411272.0
M12,FOR,STY,Country,2019,1634094.0
M12,FOR,STY,Country,2020,185071.0
M12,FOR,STY,Country,2021,934277.0
M12,FOR,STY,Country,2022,1619720.0
M12,FOR,STY,Country,2023,2098726.0
M12,FOR,STY,NUT1,2018,1411272.0
M12,FOR,STY,NUT1,2019,1634094.0
M12,FOR,STY,NUT1,2020,185071.0
M12,FOR,STY,NUT1,2021,934277.0
M12,FOR,STY,NUT1,2022,1619720.0
M12,FOR,STY,NUT1,2023,2098726.0
M12,FOR,STY,NUT2,2018,1411272.0
M12,FOR,STY,NUT2,2019,1634094.0
M12,FOR,STY,NUT2,2020,185071.0
M12,FOR,STY,NUT2,2021,934277.0
M12,FOR,STY,NUT2,2022,1619720.0
M12,FOR,STY,NUT2,2023,2098726.0
M12,FOR,STY,[EU27_2020],2018,1345684.0
M12,FOR,STY,[EU27_2020],2019,1563624.0
M12,FOR,STY,[EU27_2020],2020,171960.0
M12,FOR,STY,[EU27_2020],2021,893514.0
M12,FOR,STY,[EU27_2020],2022,1548701.0
M12,FOR,STY,[EU27_2020],2023,2006631.0
